"elpd_diff","se_diff","elpd","se_elpd","p","se_p","ic","se_ic","variable","variable.label","criterion","model","best.model","model.label"
0,0,144.982893728969,9.80197299870594,16.0996012484411,3.38594580788221,-289.965787457938,19.6039459974119,"temperature","Temperature (C)","WAIC","strip.plot.random","Yes","Strip and plot random effects"
-10.365117050636,4.58968430006325,134.617776678333,10.269743719433,10.0539992830487,2.39078155779899,-269.235553356666,20.539487438866,"temperature","Temperature (C)","WAIC","strip.random","No","Strip random effects"
-11.2609608415318,4.88533000988766,133.721932887437,10.3576790251778,7.7959652704346,2.20807149597032,-267.443865774874,20.7153580503557,"temperature","Temperature (C)","WAIC","simple","No","Fixed effects only"
0,0,144.346952324402,9.9691110403357,16.7355426530083,3.55451927382546,-288.693904648803,19.9382220806714,"temperature","Temperature (C)","LOO","strip.plot.random","Yes","Strip and plot random effects"
-9.87045386522146,4.60452661482081,134.47649845918,10.2989145456794,10.1952775022014,2.42085048226554,-268.95299691836,20.5978290913588,"temperature","Temperature (C)","LOO","strip.random","No","Strip random effects"
-10.736344025557,4.91746381631178,133.610608298845,10.4119090264104,7.90728985902701,2.26549077950147,-267.221216597689,20.8238180528208,"temperature","Temperature (C)","LOO","simple","No","Fixed effects only"
0,0,53.213425271083,11.1276243266409,11.2290519686276,2.72493194758516,-106.426850542166,22.2552486532818,"gravimetric.moisture","Gravitational moisture (%)","WAIC","strip.random","Yes","Strip random effects"
-0.493934987103922,0.902266693543891,52.7194902839791,11.3000346911141,13.6831636597153,3.37089277232615,-105.438980567958,22.6000693822283,"gravimetric.moisture","Gravitational moisture (%)","WAIC","strip.plot.random","No","Strip and plot random effects"
-2.94870373883662,2.56198262771474,50.2647215322464,10.5822349074413,7.85141142747524,2.14858439101854,-100.529443064493,21.1644698148826,"gravimetric.moisture","Gravitational moisture (%)","WAIC","simple","No","Fixed effects only"
0,0,53.0109815107354,11.1825229820673,11.4314957289753,2.78113361520169,-106.021963021471,22.3650459641347,"gravimetric.moisture","Gravitational moisture (%)","LOO","strip.random","Yes","Strip random effects"
-0.868369960736178,0.993491264985186,52.1426115499992,11.5230004701545,14.2600423936952,3.59953411173718,-104.285223099998,23.0460009403091,"gravimetric.moisture","Gravitational moisture (%)","LOO","strip.plot.random","No","Strip and plot random effects"
-2.84077937848632,2.571073255178,50.170202132249,10.6225125079383,7.94593082747258,2.1914743731777,-100.340404264498,21.2450250158765,"gravimetric.moisture","Gravitational moisture (%)","LOO","simple","No","Fixed effects only"
0,0,77.6081042143543,7.06438343823269,9.12839167580909,1.39562705102321,-155.216208428709,14.1287668764654,"bulk.density","Bulk density (g/cm3)","WAIC","strip.random","Yes","Strip random effects"
-0.0208571547721459,0.91829793848619,77.5872470595822,7.27019364530212,6.76564060431677,1.12512676190785,-155.174494119164,14.5403872906042,"bulk.density","Bulk density (g/cm3)","WAIC","simple","No","Fixed effects only"
-0.424519017114827,0.724311043801564,77.1835851972395,7.01438197626073,11.2112797845461,1.6415760556647,-154.367170394479,14.0287639525215,"bulk.density","Bulk density (g/cm3)","WAIC","strip.plot.random","No","Strip and plot random effects"
0,0,77.5344727188534,7.28300373534581,6.81841494504558,1.1385250787488,-155.068945437707,14.5660074706916,"bulk.density","Bulk density (g/cm3)","LOO","simple","Yes","Fixed effects only"
-0.0547169887361001,0.926694837182023,77.4797557301173,7.08256273394027,9.25674016004614,1.41437763861721,-154.959511460235,14.1651254678805,"bulk.density","Bulk density (g/cm3)","LOO","strip.random","No","Strip random effects"
-0.624760001171662,1.461786603362,76.9097127176817,7.06419091626066,11.4851522641039,1.69173893551101,-153.819425435363,14.1283818325213,"bulk.density","Bulk density (g/cm3)","LOO","strip.plot.random","No","Strip and plot random effects"
0,0,83.796589870118,11.0147459787816,17.4885722455433,4.4838523575059,-167.593179740236,22.0294919575632,"bulk.n.percent","TN (%)","WAIC","strip.plot.random","Yes","Strip and plot random effects"
-10.2988938274115,5.03806914180753,73.4976960427065,9.76683499386843,13.9891230048492,3.27371227650398,-146.995392085413,19.5336699877369,"bulk.n.percent","TN (%)","WAIC","strip.random","No","Strip random effects"
-36.9032634303923,8.6395284418982,46.8933264397257,7.77284466359139,6.95846910305258,1.25518148234767,-93.7866528794514,15.5456893271828,"bulk.n.percent","TN (%)","WAIC","simple","No","Fixed effects only"
0,0,82.9800579705719,11.3150572878583,18.3051041450894,4.78913157136917,-165.960115941144,22.6301145757166,"bulk.n.percent","TN (%)","LOO","strip.plot.random","Yes","Strip and plot random effects"
-10.063913440843,5.07109641490413,72.9161445297289,9.98513577545364,14.5706745178268,3.52017452731738,-145.832289059458,19.9702715509073,"bulk.n.percent","TN (%)","LOO","strip.random","No","Strip random effects"
-36.1396890394768,8.86137861027467,46.8403689310951,7.78599253336031,7.01142661168318,1.26887341210637,-93.6807378621903,15.5719850667206,"bulk.n.percent","TN (%)","LOO","simple","No","Fixed effects only"
0,0,99.9599614506083,8.23425830621778,13.405352042581,2.34922029649893,-199.919922901217,16.4685166124356,"bulk.c.percent","TC (%)","WAIC","strip.plot.random","Yes","Strip and plot random effects"
-0.348762053411515,1.49501408375658,99.6111993971969,7.91059331770581,10.5985830411299,1.89017217683595,-199.222398794394,15.8211866354116,"bulk.c.percent","TC (%)","WAIC","strip.random","No","Strip random effects"
-1.45185356007473,2.76092333090592,98.5081078905337,7.92995489645007,6.96331661318488,1.30312414923397,-197.016215781067,15.8599097929001,"bulk.c.percent","TC (%)","WAIC","simple","No","Fixed effects only"
0,0,99.5005000415087,8.34439700643181,13.8648134516807,2.46150901917112,-199.001000083017,16.6887940128636,"bulk.c.percent","TC (%)","LOO","strip.plot.random","Yes","Strip and plot random effects"
-0.104202562033795,1.55912219555476,99.3962974794749,7.95726126179969,10.8134849588519,1.94053346638489,-198.79259495895,15.9145225235994,"bulk.c.percent","TC (%)","LOO","strip.random","No","Strip random effects"
-1.05094796602738,2.83758500170576,98.4495520754813,7.94596279215977,7.02187242823723,1.31978414087324,-196.899104150963,15.8919255843195,"bulk.c.percent","TC (%)","LOO","simple","No","Fixed effects only"
0,0,119.863140079487,8.58492460646734,16.9286478561054,3.18784231736832,-239.726280158975,17.1698492129347,"bulk.cn.ratio","C:N Ratio","WAIC","strip.plot.random","Yes","Strip and plot random effects"
-6.14862599775129,4.75888838169076,113.714514081736,7.32444244124422,12.026567119668,2.19160784128789,-227.429028163472,14.6488848824884,"bulk.cn.ratio","C:N Ratio","WAIC","strip.random","No","Strip random effects"
-46.1035927759888,9.56991138541288,73.7595473034987,6.94705821873869,6.68949525420488,1.04923138207389,-147.519094606997,13.8941164374774,"bulk.cn.ratio","C:N Ratio","WAIC","simple","No","Fixed effects only"
0,0,118.955685698647,8.89353540120915,17.8361022369462,3.50661085717609,-237.911371397293,17.7870708024183,"bulk.cn.ratio","C:N Ratio","LOO","strip.plot.random","Yes","Strip and plot random effects"
-5.64251327461944,4.87514152184026,113.313172424027,7.43555250180753,12.427908777377,2.32812328747272,-226.626344848054,14.8711050036151,"bulk.cn.ratio","C:N Ratio","LOO","strip.random","No","Strip random effects"
-45.2470402604708,9.79715366479327,73.7086454381759,6.95835838880388,6.74039711952772,1.06104638431229,-147.417290876352,13.9167167776078,"bulk.cn.ratio","C:N Ratio","LOO","simple","No","Fixed effects only"
0,0,72.6689163206436,7.00001794913518,6.7529755637011,1.06591026582027,-145.337832641287,14.0000358982704,"toc.percent","SOC (%)","WAIC","simple","Yes","Fixed effects only"
-0.358531598300994,1.12328241972662,72.3103847223426,7.18954044300603,9.47149584293903,1.48691450737958,-144.620769444685,14.3790808860121,"toc.percent","SOC (%)","WAIC","strip.random","No","Strip random effects"
-0.925833209328043,1.63147972594118,71.7430831113156,7.31429394492286,11.4207733516159,1.76944010201974,-143.486166222631,14.6285878898457,"toc.percent","SOC (%)","WAIC","strip.plot.random","No","Strip and plot random effects"
0,0,72.6225002314227,7.00955143535894,6.7993916529221,1.07562614099569,-145.245000462845,14.0191028707179,"toc.percent","SOC (%)","LOO","simple","Yes","Fixed effects only"
-0.560305837842657,1.18557288446679,72.06219439358,7.24187524484987,9.71968617170168,1.55018008549415,-144.12438878716,14.4837504896997,"toc.percent","SOC (%)","LOO","strip.random","No","Strip random effects"
-1.20835777563548,1.68476813756993,71.4141424557872,7.38301428161316,11.7497140071443,1.84191803382942,-142.828284911574,14.7660285632263,"toc.percent","SOC (%)","LOO","strip.plot.random","No","Strip and plot random effects"
0,0,71.0891181737957,5.70215353367959,14.5134279066884,1.72557013229797,-142.178236347591,11.4043070673592,"sand","Sand (%)","WAIC","strip.plot.random","Yes","Strip and plot random effects"
-4.41438082404092,3.28283181346848,66.6747373497548,6.00556095624614,9.75724578523362,1.23094820437891,-133.34947469951,12.0111219124923,"sand","Sand (%)","WAIC","strip.random","No","Strip random effects"
-5.6945843781012,3.79142526945263,65.3945337956945,5.98637320281646,6.45605798423418,0.885423120733219,-130.789067591389,11.9727464056329,"sand","Sand (%)","WAIC","simple","No","Fixed effects only"
0,0,70.6143070713351,5.77472767023424,14.988239009149,1.79940625312322,-141.22861414267,11.5494553404685,"sand","Sand (%)","LOO","strip.plot.random","Yes","Strip and plot random effects"
-4.11178440635014,3.31425476042828,66.5025226649849,6.02780853930423,9.9294604700035,1.25818172820404,-133.00504532997,12.0556170786085,"sand","Sand (%)","LOO","strip.random","No","Strip random effects"
-5.26509251006609,3.83323128716118,65.349214561269,5.9957275446098,6.50137721865973,0.895131198171212,-130.698429122538,11.9914550892196,"sand","Sand (%)","LOO","simple","No","Fixed effects only"
0,0,86.675482117341,6.86673912050179,15.7553264780167,2.2403523948344,-173.350964234682,13.7334782410036,"silt","Silt (%)","WAIC","strip.plot.random","Yes","Strip and plot random effects"
-12.7506096132157,5.10967693646354,73.9248725041253,7.31908427646613,8.93583863827899,1.34769818884032,-147.849745008251,14.6381685529323,"silt","Silt (%)","WAIC","strip.random","No","Strip random effects"
-13.0175145012651,5.30059492725459,73.657967616076,7.23505315637717,6.7977734272464,1.16574941620926,-147.315935232152,14.4701063127543,"silt","Silt (%)","WAIC","simple","No","Fixed effects only"
0,0,86.0786751504366,6.97057070689075,16.3521334449212,2.34564916256414,-172.157350300873,13.9411414137815,"silt","Silt (%)","LOO","strip.plot.random","Yes","Strip and plot random effects"
-12.2863181135781,5.15798889015685,73.7923570368585,7.33934809967382,9.06835410554585,1.37007770567553,-147.584714073717,14.6786961993476,"silt","Silt (%)","LOO","strip.random","No","Strip random effects"
-12.4732087522271,5.36004364477927,73.6054663982095,7.24891076131121,6.85027464511292,1.18040443126093,-147.210932796419,14.4978215226224,"silt","Silt (%)","LOO","simple","No","Fixed effects only"
0,0,58.8357105786184,5.8810853712787,14.0817851682035,1.72499567127063,-117.671421157237,11.7621707425574,"clay","Clay (%)","WAIC","strip.plot.random","Yes","Strip and plot random effects"
-3.89313962322256,2.40652154059581,54.9425709553958,6.39022340786741,9.39249257426904,1.28720232202681,-109.885141910792,12.7804468157348,"clay","Clay (%)","WAIC","strip.random","No","Strip random effects"
-3.91316723668303,2.79566637363992,54.9225433419353,6.10676212066895,6.48075555044957,0.926826298013221,-109.845086683871,12.2135242413379,"clay","Clay (%)","WAIC","simple","No","Fixed effects only"
0,0,58.4188301700862,5.93795156971426,14.4986655767358,1.78214643109169,-116.837660340172,11.8759031394285,"clay","Clay (%)","LOO","strip.plot.random","Yes","Strip and plot random effects"
-3.53653201105132,2.82576272011344,54.8822981590348,6.11470262181766,6.52100073335013,0.935084566646615,-109.76459631807,12.2294052436353,"clay","Clay (%)","LOO","simple","No","Fixed effects only"
-3.65837536101711,2.42826439203467,54.760454809069,6.41974125539036,9.57460872059588,1.31919365235966,-109.520909618138,12.8394825107807,"clay","Clay (%)","LOO","strip.random","No","Strip random effects"
0,0,214.804336979838,12.4738720481254,8.45597242937293,3.29672512654171,-429.608673959675,24.9477440962509,"ph","pH","WAIC","simple","Yes","Fixed effects only"
-0.639289270747283,0.324533759533272,214.16504770909,12.4397930435997,9.46260094879257,3.3036000060776,-428.330095418181,24.8795860871993,"ph","pH","WAIC","strip.random","No","Strip random effects"
-1.49274193612469,0.705342001976965,213.311595043713,12.2730315134645,11.2864513178865,3.66971575707392,-426.623190087426,24.5460630269291,"ph","pH","WAIC","strip.plot.random","No","Strip and plot random effects"
0,0,214.536775824149,12.6796464285201,8.72353358506126,3.51813338795647,-429.073551648299,25.3592928570401,"ph","pH","LOO","simple","Yes","Fixed effects only"
-0.670364963029597,0.328084649201249,213.86641086112,12.6390328833437,9.7612377967632,3.51394575484411,-427.732821722239,25.2780657666874,"ph","pH","LOO","strip.random","No","Strip random effects"
-1.62628422110545,0.710222513842895,212.910491603044,12.501834697162,11.6875547585555,3.90813239202612,-425.820983206087,25.003669394324,"ph","pH","LOO","strip.plot.random","No","Strip and plot random effects"
0,0,52.1853538834658,8.53421730500892,13.0957628352839,2.61629561715875,-104.370707766932,17.0684346100178,"p","P (ppm)","WAIC","strip.plot.random","Yes","Strip and plot random effects"
-0.224913464296757,2.11409191155303,51.960440419169,8.88116432827438,7.20846962854438,1.91913703525551,-103.920880838338,17.7623286565488,"p","P (ppm)","WAIC","simple","No","Fixed effects only"
-0.960287029946506,1.41925948477784,51.2250668535193,8.61988686600562,10.0655970620143,2.35552315328546,-102.450133707039,17.2397737320112,"p","P (ppm)","WAIC","strip.random","No","Strip random effects"
0,0,51.8668864538452,8.93534099299197,7.30202359386825,1.97878074004754,-103.73377290769,17.8706819859839,"p","P (ppm)","LOO","simple","Yes","Fixed effects only"
-0.0815784842019731,2.15857208473259,51.7853079696432,8.64270069379604,13.4958087491065,2.72617029071148,-103.570615939286,17.2854013875921,"p","P (ppm)","LOO","strip.plot.random","No","Strip and plot random effects"
-0.869527111937288,0.991057055802916,50.9973593419079,8.68208611263487,10.2933045736257,2.4193852294283,-101.994718683816,17.3641722252697,"p","P (ppm)","LOO","strip.random","No","Strip random effects"
0,0,-22.7308928672939,10.8792514177927,7.90303008021767,2.14484290929223,45.4617857345877,21.7585028355854,"k","K (ppm)","WAIC","simple","Yes","Fixed effects only"
-0.571683390826119,2.76328947978261,-23.30257625812,10.735597726474,15.4077247699721,3.65144277846952,46.60515251624,21.4711954529481,"k","K (ppm)","WAIC","strip.plot.random","No","Strip and plot random effects"
-0.814625666599868,0.409242310200518,-23.5455185338937,10.9817408013114,9.46462691815714,2.40284490371461,47.0910370677875,21.9634816026229,"k","K (ppm)","WAIC","strip.random","No","Strip random effects"
0,0,-22.8383062888247,10.9238751555538,8.01044350174847,2.1917814242835,45.6766125776493,21.8477503111076,"k","K (ppm)","LOO","simple","Yes","Fixed effects only"
-0.928932078686982,0.459264961361309,-23.7672383675117,11.0586751424582,9.68634675177506,2.48353313716665,47.5344767350233,22.1173502849164,"k","K (ppm)","LOO","strip.random","No","Strip random effects"
-1.0034285199286,2.91932216203937,-23.8417348087533,10.8750355159286,15.9468833206054,3.78826989327168,47.6834696175065,21.7500710318571,"k","K (ppm)","LOO","strip.plot.random","No","Strip and plot random effects"
0,0,71.7945130218001,14.7136154827368,16.5941990330613,5.88374496496565,-143.5890260436,29.4272309654736,"ca","Ca (ppm)","WAIC","strip.plot.random","Yes","Strip and plot random effects"
-4.11501424859243,3.41679713026848,67.6794987732077,12.2843133292906,11.2261131218295,3.91784448418413,-135.358997546415,24.5686266585813,"ca","Ca (ppm)","WAIC","strip.random","No","Strip random effects"
-4.19088097283931,4.07027457467775,67.6036320489608,12.0980411887154,8.30714364693248,3.07160286265443,-135.207264097922,24.1960823774309,"ca","Ca (ppm)","WAIC","simple","No","Fixed effects only"
0,0,70.9491963203948,15.2135205788698,17.4395157344666,6.39814151796164,-141.89839264079,30.4270411577395,"ca","Ca (ppm)","LOO","strip.plot.random","Yes","Strip and plot random effects"
-3.49674515271168,4.38926695976858,67.4524511676831,12.2010339981271,8.4583245282102,3.1824965912647,-134.904902335366,24.4020679962542,"ca","Ca (ppm)","LOO","simple","No","Fixed effects only"
-3.60307111531863,3.65693311521418,67.3461252050762,12.4922144075628,11.559486689961,4.13844046993943,-134.692250410152,24.9844288151256,"ca","Ca (ppm)","LOO","strip.random","No","Strip random effects"
0,0,44.5332458734692,18.7788167805123,11.2552942790641,6.09845007171057,-89.0664917469383,37.5576335610246,"mg","Mg (ppm)","WAIC","simple","Yes","Fixed effects only"
-1.01349559258873,0.29864890775032,43.5197502808804,18.7823646575823,12.6214445829061,6.57123830439138,-87.0395005617609,37.5647293151647,"mg","Mg (ppm)","WAIC","strip.random","No","Strip random effects"
-1.43606235398126,1.60241113002274,43.0971835194879,19.4478015508338,15.9333764857196,7.56986865425016,-86.1943670389758,38.8956031016677,"mg","Mg (ppm)","WAIC","strip.plot.random","No","Strip and plot random effects"
0,0,43.9251516795968,19.2744679799839,11.8633884729364,6.62612174881616,-87.8503033591936,38.5489359599678,"mg","Mg (ppm)","LOO","simple","Yes","Fixed effects only"
-1.11735459371209,0.312456529339778,42.8077970858847,19.3171345612432,13.3333977779018,7.13262717086892,-85.6155941717694,38.6342691224864,"mg","Mg (ppm)","LOO","strip.random","No","Strip random effects"
-2.41227489733725,2.17515952599887,41.5128767822596,20.7093848415598,17.517683222948,8.88460365018549,-83.0257535645191,41.4187696831196,"mg","Mg (ppm)","LOO","strip.plot.random","No","Strip and plot random effects"
0,0,72.4565661721006,7.05118649150616,6.70955697047098,1.08085869669669,-144.913132344201,14.1023729830123,"som.percent","SOM (%)","WAIC","simple","Yes","Fixed effects only"
-0.284568649659031,1.13412647169111,72.1719975224415,7.1615867062041,9.65618994409355,1.49808191595892,-144.343995044883,14.3231734124082,"som.percent","SOM (%)","WAIC","strip.random","No","Strip random effects"
-0.774811278350352,1.60982767918906,71.6817548937502,7.21499509157849,11.5360804741039,1.75632558927561,-143.3635097875,14.429990183157,"som.percent","SOM (%)","WAIC","strip.plot.random","No","Strip and plot random effects"
0,0,72.4111863415586,7.06095447526654,6.75493680101288,1.09089368127904,-144.822372683117,14.1219089505331,"som.percent","SOM (%)","LOO","simple","Yes","Fixed effects only"
-0.453148942214934,1.16969652897917,71.9580373993437,7.20424515815994,9.87015006719136,1.5458025790405,-143.916074798687,14.4084903163199,"som.percent","SOM (%)","LOO","strip.random","No","Strip random effects"
-1.04288932779972,1.65232503559852,71.3682970137589,7.27437612394756,11.8495383540952,1.8179020374739,-142.736594027518,14.5487522478951,"som.percent","SOM (%)","LOO","strip.plot.random","No","Strip and plot random effects"
0,0,-27.8802392958524,13.4642030202472,8.65513063464407,3.77129798308295,55.7604785917049,26.9284060404945,"no3.n","NO3-N (ppm)","WAIC","simple","Yes","Fixed effects only"
-0.919364623264588,0.293832259599934,-28.799603919117,13.5810263169635,9.84306037568772,4.00042627651458,57.599207838234,27.1620526339269,"no3.n","NO3-N (ppm)","WAIC","strip.random","No","Strip random effects"
-1.08847725447339,1.20383030068187,-28.9687165503258,13.0770105597781,13.3903030449714,4.79853455846093,57.9374331006516,26.1540211195562,"no3.n","NO3-N (ppm)","WAIC","strip.plot.random","No","Strip and plot random effects"
0,0,-28.0457517597767,13.5931715319708,8.82064309856835,3.90755654592826,56.0915035195534,27.1863430639416,"no3.n","NO3-N (ppm)","LOO","simple","Yes","Fixed effects only"
-1.0371778011991,0.340622356577592,-29.0829295609758,13.786634268658,10.1263860175465,4.21600356867863,58.1658591219516,27.5732685373159,"no3.n","NO3-N (ppm)","LOO","strip.random","No","Strip random effects"
-1.31416514975903,1.21238972734181,-29.3599169095357,13.2460781836717,13.7815034041813,4.97164756522215,58.7198338190715,26.4921563673434,"no3.n","NO3-N (ppm)","LOO","strip.plot.random","No","Strip and plot random effects"
0,0,-14.5355907723654,23.1113194104648,13.819025191728,7.46656719253604,29.0711815447308,46.2226388209297,"nh4.n","NH4-N (ppm)","WAIC","simple","Yes","Fixed effects only"
-0.684789994726815,0.5086853187252,-15.2203807670922,22.9102622758026,15.0888239592476,7.77346842238712,30.4407615341844,45.8205245516052,"nh4.n","NH4-N (ppm)","WAIC","strip.random","No","Strip random effects"
-1.13311621520795,0.92851931197464,-15.6687069875733,22.5307529182511,17.3326795059954,8.5597248442649,31.3374139751466,45.0615058365023,"nh4.n","NH4-N (ppm)","WAIC","strip.plot.random","No","Strip and plot random effects"
0,0,-15.4197545586222,23.726726491884,14.7031889779848,8.12195425181886,30.8395091172443,47.453452983768,"nh4.n","NH4-N (ppm)","LOO","simple","Yes","Fixed effects only"
-0.487731704594781,0.581495217538091,-15.9074862632169,23.3514352486752,15.7759294553724,8.22698478543491,31.8149725264339,46.7028704973503,"nh4.n","NH4-N (ppm)","LOO","strip.random","No","Strip random effects"
-0.964353205728196,1.06972559485489,-16.3841077643504,22.9675762858077,18.0480802827724,9.01176190989635,32.7682155287007,45.9351525716153,"nh4.n","NH4-N (ppm)","LOO","strip.plot.random","No","Strip and plot random effects"
0,0,75.751187888387,18.7388533874578,17.4072163029648,8.02638455445309,-151.502375776774,37.4777067749155,"cec","CEC (meq/100 g)","WAIC","strip.plot.random","Yes","Strip and plot random effects"
-1.8084074204492,3.53595224804204,73.9427804679378,16.1842617780849,9.86694812431811,4.99246324064194,-147.885560935876,32.3685235561698,"cec","CEC (meq/100 g)","WAIC","simple","No","Fixed effects only"
-2.13354232201924,2.55315666464581,73.6176455663677,16.7331451848005,13.270760845333,6.28692978227267,-147.235291132735,33.4662903696011,"cec","CEC (meq/100 g)","WAIC","strip.random","No","Strip random effects"
0,0,74.6031807670809,19.5658602012185,18.5552234242709,8.87000321145343,-149.206361534162,39.1317204024371,"cec","CEC (meq/100 g)","LOO","strip.plot.random","Yes","Strip and plot random effects"
-1.17051036698172,3.84934998614987,73.4326704000991,16.6216741115947,10.3770581921567,5.45349529377362,-146.865340800198,33.2433482231894,"cec","CEC (meq/100 g)","LOO","simple","No","Fixed effects only"
-1.54385537813785,2.90507018438876,73.059325388943,17.147915873501,13.8290810227577,6.71509987637105,-146.118650777886,34.2958317470019,"cec","CEC (meq/100 g)","LOO","strip.random","No","Strip random effects"
0,0,-38.0701103254559,7.68234410302528,6.83469176129564,1.28615191978267,76.1402206509117,15.3646882060506,"k.meq","K (meq/100 g)","WAIC","simple","Yes","Fixed effects only"
-0.856192161989485,0.359089010214156,-38.9263024874454,7.6733079304542,8.22365549393053,1.43738864019237,77.8526049748908,15.3466158609084,"k.meq","K (meq/100 g)","WAIC","strip.random","No","Strip random effects"
-1.66016598766898,1.14316062779532,-39.7302763131249,7.43357518410857,11.4070149438096,1.91181328916387,79.4605526262497,14.8671503682171,"k.meq","K (meq/100 g)","WAIC","strip.plot.random","No","Strip and plot random effects"
0,0,-38.1312266986498,7.70027357218714,6.89580813448955,1.30456598527508,76.2624533972995,15.4005471443743,"k.meq","K (meq/100 g)","LOO","simple","Yes","Fixed effects only"
-0.922932717300286,0.367853171748458,-39.0541594159501,7.70183971340395,8.35151242243525,1.46667457735776,78.1083188319001,15.4036794268079,"k.meq","K (meq/100 g)","LOO","strip.random","No","Strip random effects"
-1.85046532456911,1.18048530514232,-39.9816920232189,7.46633732607321,11.6584306539037,1.94411256924989,79.9633840464378,14.9326746521464,"k.meq","K (meq/100 g)","LOO","strip.plot.random","No","Strip and plot random effects"
0,0,71.8314856247252,14.7849344371326,16.7341769489944,5.97868494181156,-143.66297124945,29.5698688742653,"ca.meq","Ca (meq/100 g)","WAIC","strip.plot.random","Yes","Strip and plot random effects"
-3.98977559637563,3.51827660826527,67.8417100283496,12.2507046975802,11.1980262643696,3.9278678869397,-135.683420056699,24.5014093951604,"ca.meq","Ca (meq/100 g)","WAIC","strip.random","No","Strip random effects"
-4.06040592094701,4.15877264514426,67.7710797037782,12.0820745791302,8.26459056899854,3.07831799143936,-135.542159407556,24.1641491582605,"ca.meq","Ca (meq/100 g)","WAIC","simple","No","Fixed effects only"
0,0,70.8127127828735,15.4145382911342,17.7529497908461,6.62725428313856,-141.625425565747,30.8290765822685,"ca.meq","Ca (meq/100 g)","LOO","strip.plot.random","Yes","Strip and plot random effects"
-3.18940786590124,4.59443128670447,67.6233049169723,12.1839698048453,8.41236535580448,3.18836031459506,-135.246609833945,24.3679396096905,"ca.meq","Ca (meq/100 g)","LOO","simple","No","Fixed effects only"
-3.38531882629699,3.81533487524103,67.4273939565765,12.5282464050439,11.6123423361427,4.22357666272457,-134.854787913153,25.0564928100879,"ca.meq","Ca (meq/100 g)","LOO","strip.random","No","Strip random effects"
0,0,44.2202112304156,18.3441729457902,10.9986509816748,5.76542509553151,-88.4404224608313,36.6883458915804,"mg.meq","Mg (meq/100 g)","WAIC","simple","Yes","Fixed effects only"
-1.06017688202663,0.333233102624891,43.1600343483891,18.478658748497,12.4995322286176,6.37757814381106,-86.3200686967781,36.957317496994,"mg.meq","Mg (meq/100 g)","WAIC","strip.random","No","Strip random effects"
-1.48102710473152,1.77417613287227,42.7391841256842,19.2283484458916,15.9768552611856,7.46868917686369,-85.4783682513683,38.4566968917832,"mg.meq","Mg (meq/100 g)","WAIC","strip.plot.random","No","Strip and plot random effects"
0,0,43.7419595133405,18.7236410026625,11.47690269875,6.17001874765303,-87.483919026681,37.447282005325,"mg.meq","Mg (meq/100 g)","LOO","simple","Yes","Fixed effects only"
-1.17595307801849,0.376688141877821,42.566006435322,18.923835623894,13.0935601416846,6.84824336112228,-85.1320128706439,37.8476712477879,"mg.meq","Mg (meq/100 g)","LOO","strip.random","No","Strip random effects"
-2.13395485366487,2.12733626202079,41.6080046596756,20.0614739645168,17.1080347271941,8.33260624735482,-83.2160093193512,40.1229479290337,"mg.meq","Mg (meq/100 g)","LOO","strip.plot.random","No","Strip and plot random effects"
0,0,-18.3519083778945,9.90896485874436,14.3265077111346,3.69758946484537,36.703816755789,19.8179297174887,"poc.percent","POC (%)","WAIC","strip.random","Yes","Strip random effects"
-0.681193151822141,0.246704655024081,-19.0331015297167,9.75009545994164,14.7329814919985,3.59255783590777,38.0662030594333,19.5001909198833,"poc.percent","POC (%)","WAIC","strip.plot.random","No","Strip and plot random effects"
-3.46735947003262,4.126043818811,-21.8192678479271,10.5020256744735,7.67460844809689,2.51852047831318,43.6385356958543,21.0040513489469,"poc.percent","POC (%)","WAIC","simple","No","Fixed effects only"
0,0,-18.802100992768,10.0154724962996,14.7767003260081,3.8065088469952,37.6042019855361,20.0309449925991,"poc.percent","POC (%)","LOO","strip.random","Yes","Strip random effects"
-0.806675553273235,0.210655327662499,-19.6087765460413,9.94297535343227,15.3086565083231,3.79144181599781,39.2175530920825,19.8859507068645,"poc.percent","POC (%)","LOO","strip.plot.random","No","Strip and plot random effects"
-3.13969169979233,4.21588739891778,-21.9417926925603,10.5852694164678,7.7971332927301,2.60823840580603,43.8835853851207,21.1705388329356,"poc.percent","POC (%)","LOO","simple","No","Fixed effects only"
0,0,-54.3975937428741,6.32572514576417,6.41897886673722,1.0365464210895,108.795187485748,12.6514502915283,"g475mm",">= 4.75 mm","WAIC","simple","Yes","Fixed effects only"
-1.19890732200449,0.460100369700489,-55.5965010648786,6.47679385167268,8.1948957332591,1.38449474262151,111.193002129757,12.9535877033454,"g475mm",">= 4.75 mm","WAIC","strip.random","No","Strip random effects"
-2.16210726618077,0.817647235482358,-56.5597010090548,6.58396046236748,9.69516355502628,1.60540252684696,113.11940201811,13.167920924735,"g475mm",">= 4.75 mm","WAIC","strip.plot.random","No","Strip and plot random effects"
0,0,-54.434066969232,6.33352539708223,6.45545209309516,1.04466001666806,108.868133938464,12.6670507941645,"g475mm",">= 4.75 mm","LOO","simple","Yes","Fixed effects only"
-1.31578144865368,0.488290057153481,-55.7498484178857,6.51574016282285,8.34824308626622,1.42691835355447,111.499696835771,13.0314803256457,"g475mm",">= 4.75 mm","LOO","strip.random","No","Strip random effects"
-2.34770916580359,0.856698914468851,-56.7817761350356,6.63483917818544,9.91723868100703,1.66019233714773,113.563552270071,13.2696783563709,"g475mm",">= 4.75 mm","LOO","strip.plot.random","No","Strip and plot random effects"
0,0,19.4083358898496,7.97462605933394,14.3821485027852,2.45448145229968,-38.8166717796992,15.9492521186679,"g2mm","2-4.75 mm","WAIC","strip.plot.random","Yes","Strip and plot random effects"
-1.99750340878995,2.00791452007081,17.4108324810597,8.01007066426169,10.6196910164778,1.90191255282125,-34.8216649621193,16.0201413285234,"g2mm","2-4.75 mm","WAIC","strip.random","No","Strip random effects"
-4.72754042441236,3.35897064228909,14.6807954654372,6.99563594039597,6.64829287682782,1.10030955559879,-29.3615909308745,13.9912718807919,"g2mm","2-4.75 mm","WAIC","simple","No","Fixed effects only"
0,0,18.8982782686563,8.10371405665923,14.8922061239786,2.58923180824185,-37.7965565373125,16.2074281133185,"g2mm","2-4.75 mm","LOO","strip.plot.random","Yes","Strip and plot random effects"
-1.75832028219783,2.04179914467144,17.1399579864584,8.08325258439066,10.890565511079,1.98876514635973,-34.2799159729169,16.1665051687813,"g2mm","2-4.75 mm","LOO","strip.random","No","Strip random effects"
-4.26673667746414,3.45127061881706,14.6315415911921,7.00757938097608,6.69754675107294,1.11260211983524,-29.2630831823842,14.0151587619522,"g2mm","2-4.75 mm","LOO","simple","No","Fixed effects only"
0,0,72.0874591528893,6.38593120874556,6.52258527695222,0.967576540731259,-144.174918305779,12.7718624174911,"g250um","0.250-2 mm","WAIC","simple","Yes","Fixed effects only"
-0.983663349196538,0.43573499547384,71.1037958036927,6.43405068429492,7.94584144588079,1.19412177510094,-142.207591607385,12.8681013685898,"g250um","0.250-2 mm","WAIC","strip.random","No","Strip random effects"
-1.96261513720067,0.733992780132268,70.1248440156886,6.44069694789045,9.42387269113139,1.38105875616666,-140.249688031377,12.8813938957809,"g250um","0.250-2 mm","WAIC","strip.plot.random","No","Strip and plot random effects"
0,0,72.0395482736482,6.39676181257692,6.5704961561932,0.97906795392315,-144.079096547296,12.7935236251538,"g250um","0.250-2 mm","LOO","simple","Yes","Fixed effects only"
-1.08170102002556,0.46574494158155,70.9578472536227,6.47778005900286,8.0917899959508,1.24535897719119,-141.915694507245,12.9555601180057,"g250um","0.250-2 mm","LOO","strip.random","No","Strip random effects"
-2.12713996631075,0.762906492237896,69.9124083073375,6.49256013372587,9.63630839948245,1.43793050075615,-139.824816614675,12.9851202674517,"g250um","0.250-2 mm","LOO","strip.plot.random","No","Strip and plot random effects"
0,0,-35.386930073659,9.9340268946525,15.4778031174726,3.69492378692987,70.773860147318,19.868053789305,"g53um","0.053-0.250 mm","WAIC","strip.plot.random","Yes","Strip and plot random effects"
-2.59173161993871,3.612490556946,-37.9786616935977,11.5226864265022,8.08944543674544,2.83134930333651,75.9573233871954,23.0453728530044,"g53um","0.053-0.250 mm","WAIC","simple","No","Fixed effects only"
-2.7174972795818,3.20779174011535,-38.1044273532408,11.2587768146675,9.54264113822403,2.92444506512467,76.2088547064816,22.517553629335,"g53um","0.053-0.250 mm","WAIC","strip.random","No","Strip random effects"
0,0,-35.9768828361814,10.1165760902191,16.067755879995,3.88606625105224,71.9537656723629,20.2331521804382,"g53um","0.053-0.250 mm","LOO","strip.plot.random","Yes","Strip and plot random effects"
-2.1785781045254,3.63102365507962,-38.1554609407068,11.6451627242022,8.26624468385455,2.96495063138625,76.3109218814137,23.2903254484043,"g53um","0.053-0.250 mm","LOO","simple","No","Fixed effects only"
-2.33356302809973,3.21747835030244,-38.3104458642811,11.3664262013867,9.7486596492644,3.04067095419812,76.6208917285623,22.7328524027734,"g53um","0.053-0.250 mm","LOO","strip.random","No","Strip random effects"
0,0,-30.8927878777983,6.44615596506566,10.1407193918657,1.52765230763661,61.7855757555966,12.8923119301313,"l53um","<0.053 mm","WAIC","strip.random","Yes","Strip random effects"
-0.211854708823138,1.64176137514188,-31.1046425866215,6.13705975269792,6.46833039650604,0.870699948176052,62.2092851732429,12.2741195053958,"l53um","<0.053 mm","WAIC","simple","No","Fixed effects only"
-0.456520636172464,0.739021234986983,-31.3493085139708,6.53588795778497,12.0555844481544,1.72608669296229,62.6986170279416,13.0717759155699,"l53um","<0.053 mm","WAIC","strip.plot.random","No","Strip and plot random effects"
0,0,-31.1482175498807,6.14488995505903,6.5119053597653,0.878691493081955,62.2964350997615,12.2897799101181,"l53um","<0.053 mm","LOO","simple","Yes","Fixed effects only"
-0.00887304939716849,1.72765350756193,-31.1570905992779,6.51410720473856,10.4050221133453,1.61733084067477,62.3141811985558,13.0282144094771,"l53um","<0.053 mm","LOO","strip.random","No","Strip random effects"
-0.54489961883422,2.15149858098577,-31.6931171687149,6.60664321274925,12.3993931028986,1.80549341484098,63.3862343374299,13.2132864254985,"l53um","<0.053 mm","LOO","strip.plot.random","No","Strip and plot random effects"
0,0,42.3536045440532,6.15314126522712,9.44207168824137,1.29670185018745,-84.7072090881064,12.3062825304542,"mwd","Mean-weight diameter (mm)","WAIC","strip.random","Yes","Strip random effects"
-0.0165058309871979,0.991120573283132,42.337098713066,6.18213276526298,11.8757495329315,1.55585936656837,-84.674197426132,12.364265530526,"mwd","Mean-weight diameter (mm)","WAIC","strip.plot.random","No","Strip and plot random effects"
-0.0190428297550281,1.2163271191663,42.3345617142982,6.09758338077351,6.50312043718662,0.898746347022803,-84.6691234285963,12.195166761547,"mwd","Mean-weight diameter (mm)","WAIC","simple","No","Fixed effects only"
0,0,42.2891754700961,6.10639306089568,6.54850668138864,0.907824430110124,-84.5783509401923,12.2127861217914,"mwd","Mean-weight diameter (mm)","LOO","simple","Yes","Fixed effects only"
-0.122465764770237,1.24604862236384,42.1667097053259,6.18701583769544,9.62896652696866,1.33525963423566,-84.3334194106518,12.3740316753909,"mwd","Mean-weight diameter (mm)","LOO","strip.random","No","Strip random effects"
-0.279273705520797,2.03014892299862,42.0099017645753,6.23732617568233,12.2029464814222,1.61406651519994,-84.0198035291507,12.4746523513647,"mwd","Mean-weight diameter (mm)","LOO","strip.plot.random","No","Strip and plot random effects"
0,0,-98.4871924875154,9.39881374006514,14.2420464441986,3.10603946428036,196.974384975031,18.7976274801303,"tic.percent","TIC (%)","WAIC","strip.random","Yes","Strip random effects"
-0.807588989285822,0.3790039874925,-99.2947814768012,9.37640315649929,15.0930763889322,3.10865248181737,198.589562953602,18.7528063129986,"tic.percent","TIC (%)","WAIC","strip.plot.random","No","Strip and plot random effects"
-8.41944996251802,6.49400438154211,-106.906642450034,7.20925687781711,6.58306003140135,1.10287512144439,213.813284900067,14.4185137556342,"tic.percent","TIC (%)","WAIC","simple","No","Fixed effects only"
0,0,-99.1068705225462,9.57674618412213,14.8617244792295,3.30043220705569,198.213741045092,19.1534923682443,"tic.percent","TIC (%)","LOO","strip.random","Yes","Strip random effects"
-0.829236699840122,0.41619165393262,-99.9361072223866,9.53830213499058,15.7344021345174,3.2793575435111,199.872214444773,19.0766042699812,"tic.percent","TIC (%)","LOO","strip.plot.random","No","Strip and plot random effects"
-7.8464624006765,6.62359662577233,-106.953332923223,7.21955044560785,6.62975050459072,1.11361420344816,213.906665846446,14.4391008912157,"tic.percent","TIC (%)","LOO","simple","No","Fixed effects only"
0,0,57.0326773593963,6.88642588271996,6.67848525581779,1.02732790243179,-114.065354718793,13.7728517654399,"maoc.percent","MAOC (%)","WAIC","simple","Yes","Fixed effects only"
-0.508713625713613,1.00064673308071,56.5239637336827,7.21338036943733,9.44688218296667,1.54902499965235,-113.047927467365,14.4267607388747,"maoc.percent","MAOC (%)","WAIC","strip.random","No","Strip random effects"
-1.00746992844447,1.49150502376416,56.0252074309518,7.39590458343059,11.4231768774011,1.83917577756692,-112.050414861904,14.7918091668612,"maoc.percent","MAOC (%)","WAIC","strip.plot.random","No","Strip and plot random effects"
0,0,56.9851530691561,6.89606246683639,6.72600954605799,1.03713973161332,-113.970306138312,13.7921249336728,"maoc.percent","MAOC (%)","LOO","simple","Yes","Fixed effects only"
-0.696202737320478,1.05957476015273,56.2889503318356,7.27217803548886,9.68189558481372,1.61695744962944,-112.577900663671,14.5443560709777,"maoc.percent","MAOC (%)","LOO","strip.random","No","Strip random effects"
-1.2966967081905,1.55889446989316,55.6884563609656,7.47468204695813,11.7599279473873,1.92347241463538,-111.376912721931,14.9493640939163,"maoc.percent","MAOC (%)","LOO","strip.plot.random","No","Strip and plot random effects"
0,0,-43.9921473698412,16.6371100006976,16.9997650481399,7.36065798136778,87.9842947396824,33.2742200013952,"poc.maoc.ratio","POC:MAOC ratio","WAIC","strip.plot.random","Yes","Strip and plot random effects"
-0.313157514224467,0.845919364497307,-44.3053048840657,16.9472801834695,15.705737231809,7.56129015654736,88.6106097681314,33.894560366939,"poc.maoc.ratio","POC:MAOC ratio","WAIC","strip.random","No","Strip random effects"
-1.80003531325322,3.2654362420009,-45.7921826830944,18.0104955768893,10.5515059365839,6.17708359059325,91.5843653661888,36.0209911537786,"poc.maoc.ratio","POC:MAOC ratio","WAIC","simple","No","Fixed effects only"
0,0,-44.8928763527593,17.2258737204805,17.9004940310579,7.96249504653284,89.7857527055186,34.4517474409611,"poc.maoc.ratio","POC:MAOC ratio","LOO","strip.plot.random","Yes","Strip and plot random effects"
-0.287164966790771,0.873938112521906,-45.18004131955,17.5725396382197,16.5804736672934,8.2044792238792,90.3600826391001,35.1450792764394,"poc.maoc.ratio","POC:MAOC ratio","LOO","strip.random","No","Strip random effects"
-1.44453814617254,3.28334005229134,-46.3374144989318,18.5136200610588,11.0967377524213,6.69344969641333,92.6748289978636,37.0272401221176,"poc.maoc.ratio","POC:MAOC ratio","LOO","simple","No","Fixed effects only"
