"model","model.label","variable","variable.label","variable.mean","treatment","full.treatment.name","posterior.mean","5","95","25","75"
"simple","Fixed effects only","n.herb.only","Herbaceous layer richness",14.0555555555556,"A","Balled-and-burlapped",17.0230001205055,14.4173305730081,20.2314693489451,16.1579011293736,18.4072640334833
"simple","Fixed effects only","n.herb.only","Herbaceous layer richness",14.0555555555556,"B","Bareroot",12.6617933114824,10.1534818342281,15.9048108646212,11.953118006849,14.1938628037774
"simple","Fixed effects only","n.herb.only","Herbaceous layer richness",14.0555555555556,"C","Seedling",15.6728267513937,13.0531190428264,18.862374524056,14.8648025159733,17.1122699443942
"simple","Fixed effects only","n.herb.only","Herbaceous layer richness",14.0555555555556,"D","Acorn",14.3345525903942,11.7810628673054,17.5860969308226,13.4943880455004,15.7297765813739
"simple","Fixed effects only","n.herb.only","Herbaceous layer richness",14.0555555555556,"E","Seedbank",6.38923124126087,4.2030616605837,9.86674031267839,5.85339387281504,8.09761253661061
"simple","Fixed effects only","n.herb.only","Herbaceous layer richness",14.0555555555556,"R","Reference",16.3529761864636,13.7503754381033,19.5119135587456,15.4897564363375,17.7213351290362
"strip.random","Strip random effects","n.herb.only","Herbaceous layer richness",14.0555555555556,"A","Balled-and-burlapped",16.7539110787465,12.7450781792371,21.9837447682085,15.4010402427808,18.752949564724
"strip.random","Strip random effects","n.herb.only","Herbaceous layer richness",14.0555555555556,"B","Bareroot",12.6378439846374,9.66122161529272,16.4469376978341,11.5739676019551,14.1321283590967
"strip.random","Strip random effects","n.herb.only","Herbaceous layer richness",14.0555555555556,"C","Seedling",15.6096592268677,12.2095035547009,19.7907415338334,14.4984194506846,17.3498823609381
"strip.random","Strip random effects","n.herb.only","Herbaceous layer richness",14.0555555555556,"D","Acorn",15.032620052062,11.3216262161865,19.9541667332142,13.5996289191948,16.7618861824771
"strip.random","Strip random effects","n.herb.only","Herbaceous layer richness",14.0555555555556,"E","Seedbank",6.48623424454433,4.46705638470865,9.70577529305318,5.82199283254364,7.81116509373268
"strip.random","Strip random effects","n.herb.only","Herbaceous layer richness",14.0555555555556,"R","Reference",16.3662403767321,11.3820869116806,23.0579985898922,14.5500393743759,18.5457069727839
"simple","Fixed effects only","n.tree.only","Tree layer richness",2.11111111111111,"A","Balled-and-burlapped",1.97486216123391,1.10728402728735,3.63632858070146,1.80342417041132,2.79861369910459
"simple","Fixed effects only","n.tree.only","Tree layer richness",2.11111111111111,"B","Bareroot",2.97418766958348,1.98524283739523,4.58687316696818,2.74765717946954,3.7580146686926
"simple","Fixed effects only","n.tree.only","Tree layer richness",2.11111111111111,"C","Seedling",1.97530575068666,1.09512056081546,3.60477098743494,1.81398181316803,2.8144785329353
"simple","Fixed effects only","n.tree.only","Tree layer richness",2.11111111111111,"D","Acorn",1.97451641008402,1.10346497094626,3.62129704888177,1.81745834451405,2.81407399753771
"simple","Fixed effects only","n.tree.only","Tree layer richness",2.11111111111111,"E","Seedbank",1.17373986000052,0.52758046285591,2.66241268442679,1.00585925231839,1.87690856918395
"simple","Fixed effects only","n.tree.only","Tree layer richness",2.11111111111111,"R","Reference",0.980033109200908,0.415944607389945,2.36410059982259,0.833011716151506,1.64804756384011
"strip.random","Strip random effects","n.tree.only","Tree layer richness",2.11111111111111,"A","Balled-and-burlapped",1.91990439983503,0.93605665278478,3.84781387063141,1.64897638718429,2.79151808030369
"strip.random","Strip random effects","n.tree.only","Tree layer richness",2.11111111111111,"B","Bareroot",2.83926716806502,1.64315601006933,4.88200319402462,2.53740167738952,3.77632380777436
"strip.random","Strip random effects","n.tree.only","Tree layer richness",2.11111111111111,"C","Seedling",1.93901823706911,0.997202888267826,3.74343755531245,1.70092041692536,2.77904361836248
"strip.random","Strip random effects","n.tree.only","Tree layer richness",2.11111111111111,"D","Acorn",1.97835150293196,0.966002839554085,4.01968081455294,1.67035100365714,2.82330532419739
"strip.random","Strip random effects","n.tree.only","Tree layer richness",2.11111111111111,"E","Seedbank",1.1299411746643,0.47662107139364,2.60632245604194,0.949033858006469,1.83494236949542
"strip.random","Strip random effects","n.tree.only","Tree layer richness",2.11111111111111,"R","Reference",1.03622031746522,0.378995342940117,2.75350204511407,0.786601101366905,1.69354388019917
"simple","Fixed effects only","n.both.herb.tree","Both tree and herbaceous layer",0.666666666666667,"A","Balled-and-burlapped",0.505453226859405,0.197316746105604,1.28525675820579,0.439179781108027,0.908447577180802
"simple","Fixed effects only","n.both.herb.tree","Both tree and herbaceous layer",0.666666666666667,"B","Bareroot",0.353874812912136,0.126895589354364,0.999773648112239,0.285551003798295,0.655991152944371
"simple","Fixed effects only","n.both.herb.tree","Both tree and herbaceous layer",0.666666666666667,"C","Seedling",0.502886676112548,0.194405753892603,1.28890055724334,0.440203177463369,0.913145968541295
"simple","Fixed effects only","n.both.herb.tree","Both tree and herbaceous layer",0.666666666666667,"D","Acorn",0.504815998755804,0.196851082801969,1.27915804042029,0.444055783232583,0.916883963421264
"simple","Fixed effects only","n.both.herb.tree","Both tree and herbaceous layer",0.666666666666667,"E","Seedbank",0.264135184926382,0.0916261152895583,0.778056429675998,0.201766479118611,0.485662394394612
"simple","Fixed effects only","n.both.herb.tree","Both tree and herbaceous layer",0.666666666666667,"R","Reference",1.39942745161501,0.867136279755334,2.29166079369093,1.31968841587295,1.87614178418266
"strip.random","Strip random effects","n.both.herb.tree","Both tree and herbaceous layer",0.666666666666667,"A","Balled-and-burlapped",0.492403161689581,0.168435992205305,1.39166010106131,0.392744038218498,0.895967911463737
"strip.random","Strip random effects","n.both.herb.tree","Both tree and herbaceous layer",0.666666666666667,"B","Bareroot",0.344804805816697,0.116721623315627,1.03165254725637,0.262424623150493,0.629790241314827
"strip.random","Strip random effects","n.both.herb.tree","Both tree and herbaceous layer",0.666666666666667,"C","Seedling",0.477719238042157,0.171719119742856,1.30474800328547,0.389738751996227,0.86920724188544
"strip.random","Strip random effects","n.both.herb.tree","Both tree and herbaceous layer",0.666666666666667,"D","Acorn",0.487053393931377,0.172660284178919,1.38675449579164,0.392834030631528,0.885409113827997
"strip.random","Strip random effects","n.both.herb.tree","Both tree and herbaceous layer",0.666666666666667,"E","Seedbank",0.257995734605695,0.0821381122411343,0.768951515100997,0.186510590616736,0.465028810156019
"strip.random","Strip random effects","n.both.herb.tree","Both tree and herbaceous layer",0.666666666666667,"R","Reference",1.22793193061807,0.505609907974947,2.75902516379027,1.07537712295789,1.93901302150384
"simple","Fixed effects only","n.total","Total richness",16.8333333333333,"A","Balled-and-burlapped",19.913939727916,16.6627138280553,24.0338401849828,18.906552382464,21.7710902731424
"simple","Fixed effects only","n.total","Total richness",16.8333333333333,"B","Bareroot",16.2029692409743,13.0172773836776,20.4390204839756,15.2517818465917,18.1108763619685
"simple","Fixed effects only","n.total","Total richness",16.8333333333333,"C","Seedling",18.570849982419,15.3218054757239,22.7123117935398,17.5928742018342,20.4489830230867
"simple","Fixed effects only","n.total","Total richness",16.8333333333333,"D","Acorn",17.2168108393284,13.9756937266723,21.3601374033532,16.2116077075105,19.0769944037455
"simple","Fixed effects only","n.total","Total richness",16.8333333333333,"E","Seedbank",7.64440817308912,4.93821237475053,12.1182281548827,6.97678243798553,9.80267098650206
"simple","Fixed effects only","n.total","Total richness",16.8333333333333,"R","Reference",18.9093705399893,15.5965012847604,22.9376925983612,17.8668031607209,20.7072807584212
"strip.random","Strip random effects","n.total","Total richness",16.8333333333333,"A","Balled-and-burlapped",19.6532489278139,14.865879515523,25.7561436668249,18.0439284944217,22.0130047714076
"strip.random","Strip random effects","n.total","Total richness",16.8333333333333,"B","Bareroot",16.112417037712,12.2951949156203,21.0672190558441,14.9244748004645,18.2612287002314
"strip.random","Strip random effects","n.total","Total richness",16.8333333333333,"C","Seedling",18.4420017334564,14.3278242046897,23.62292716654,17.1115165128596,20.6246291147175
"strip.random","Strip random effects","n.total","Total richness",16.8333333333333,"D","Acorn",17.779650158149,13.2120200043269,23.6278227007647,16.1223643008037,19.9485285795876
"strip.random","Strip random effects","n.total","Total richness",16.8333333333333,"E","Seedbank",7.70309078481151,5.06614526020308,12.0566080467469,6.93880623508985,9.63299670232626
"strip.random","Strip random effects","n.total","Total richness",16.8333333333333,"R","Reference",18.9258106099967,13.3784479514842,26.7790801288694,16.9018450063521,21.4714831293586
"simple","Fixed effects only","herbaceous.litter.c.stock","Herbaceous litter",1.95907698518519,"A","Balled-and-burlapped",1.65608541270267,0.910878421961718,3.03358020265555,1.52513115111019,2.38055091438875
"simple","Fixed effects only","herbaceous.litter.c.stock","Herbaceous litter",1.95907698518519,"B","Bareroot",1.64170241228409,0.893102277005223,3.00875941663341,1.51453073538727,2.3791522968278
"simple","Fixed effects only","herbaceous.litter.c.stock","Herbaceous litter",1.95907698518519,"C","Seedling",1.576473809099,0.84405316035578,2.94268997929416,1.43903909681017,2.28563153125172
"simple","Fixed effects only","herbaceous.litter.c.stock","Herbaceous litter",1.95907698518519,"D","Acorn",1.71514038345135,0.959821371498258,3.13813373739331,1.59150227419315,2.46283382715721
"simple","Fixed effects only","herbaceous.litter.c.stock","Herbaceous litter",1.95907698518519,"E","Seedbank",2.51608455698835,1.66025211127011,3.8801587740455,2.33458371018899,3.20745560231041
"simple","Fixed effects only","herbaceous.litter.c.stock","Herbaceous litter",1.95907698518519,"R","Reference",1.07773961350888,0.495039506486896,2.36920430390452,0.956532972076324,1.74175162255427
"strip.random","Strip random effects","herbaceous.litter.c.stock","Herbaceous litter",1.95907698518519,"A","Balled-and-burlapped",1.8025268513235,0.913255981975542,3.46604161429549,1.43037775726224,2.37930483704683
"strip.random","Strip random effects","herbaceous.litter.c.stock","Herbaceous litter",1.95907698518519,"B","Bareroot",1.72692813477219,0.955451710178444,3.08871959128897,1.43830364218301,2.25148611098723
"strip.random","Strip random effects","herbaceous.litter.c.stock","Herbaceous litter",1.95907698518519,"C","Seedling",1.67080251835199,0.90118488149407,2.97622650875135,1.3835163649155,2.18185113598736
"strip.random","Strip random effects","herbaceous.litter.c.stock","Herbaceous litter",1.95907698518519,"D","Acorn",1.71117865203069,0.880339999020059,3.32651492851571,1.37150828484051,2.28878435607883
"strip.random","Strip random effects","herbaceous.litter.c.stock","Herbaceous litter",1.95907698518519,"E","Seedbank",2.33061970605676,1.32819495046896,4.02687504894227,1.96283991218404,3.0067163874926
"strip.random","Strip random effects","herbaceous.litter.c.stock","Herbaceous litter",1.95907698518519,"R","Reference",1.2853813061724,0.528056936329064,3.01747892033596,0.932061353974372,1.8304602567714
"simple","Fixed effects only","mixed.biomass.c.stock","Mixed biomass",0.273706241975309,"A","Balled-and-burlapped",0.159304536912255,0.0621936134310578,0.416302608197019,0.134536257029598,0.284501867403041
"simple","Fixed effects only","mixed.biomass.c.stock","Mixed biomass",0.273706241975309,"B","Bareroot",0.231369132206924,0.103283259070806,0.52480564059442,0.206282793226611,0.382011817307493
"simple","Fixed effects only","mixed.biomass.c.stock","Mixed biomass",0.273706241975309,"C","Seedling",0.150126996080291,0.0586457655399907,0.402377756477288,0.126267090275275,0.271427055758764
"simple","Fixed effects only","mixed.biomass.c.stock","Mixed biomass",0.273706241975309,"D","Acorn",0.190232833188478,0.0773115392265149,0.45880198298394,0.166207759608914,0.330086902832351
"simple","Fixed effects only","mixed.biomass.c.stock","Mixed biomass",0.273706241975309,"E","Seedbank",0.134419319784153,0.0503398572184415,0.364939169462686,0.111279601817155,0.245630903619062
"simple","Fixed effects only","mixed.biomass.c.stock","Mixed biomass",0.273706241975309,"R","Reference",0.552346506673494,0.366262453866543,0.85474945213881,0.516283957503094,0.706162128252038
"strip.random","Strip random effects","mixed.biomass.c.stock","Mixed biomass",0.273706241975309,"A","Balled-and-burlapped",0.163262778956456,0.0514536835228475,0.508016880101594,0.112541124592567,0.277301127845984
"strip.random","Strip random effects","mixed.biomass.c.stock","Mixed biomass",0.273706241975309,"B","Bareroot",0.216635402223594,0.0819239457090051,0.568439074750835,0.164609020892227,0.352235912107855
"strip.random","Strip random effects","mixed.biomass.c.stock","Mixed biomass",0.273706241975309,"C","Seedling",0.137735564947763,0.0458367256738632,0.404365753028922,0.0969565040925747,0.229863553581079
"strip.random","Strip random effects","mixed.biomass.c.stock","Mixed biomass",0.273706241975309,"D","Acorn",0.226869317949428,0.0766582329054657,0.647782275011928,0.158704163353262,0.36233430395584
"strip.random","Strip random effects","mixed.biomass.c.stock","Mixed biomass",0.273706241975309,"E","Seedbank",0.120774695391829,0.0395630622179318,0.369689878332125,0.0830511327754111,0.201649356602151
"strip.random","Strip random effects","mixed.biomass.c.stock","Mixed biomass",0.273706241975309,"R","Reference",0.422266673534571,0.130679188640939,1.29749278042133,0.30266692850879,0.727760796390827
"simple","Fixed effects only","p.arundinacea.c.stock","P. arundinacea biomass",0.168335990123457,"A","Balled-and-burlapped",0.0890533548323326,0.0271663867642049,0.290832768169823,0.0648127666304258,0.172192897898873
"simple","Fixed effects only","p.arundinacea.c.stock","P. arundinacea biomass",0.168335990123457,"B","Bareroot",0.10181959102469,0.0313877780151006,0.328211791592755,0.0752695039645642,0.198584796459516
"simple","Fixed effects only","p.arundinacea.c.stock","P. arundinacea biomass",0.168335990123457,"C","Seedling",0.0890315705761094,0.027744284197742,0.295170656707952,0.0656085020690463,0.174427042627792
"simple","Fixed effects only","p.arundinacea.c.stock","P. arundinacea biomass",0.168335990123457,"D","Acorn",0.0945602103935631,0.0294616157756087,0.310746981511812,0.0710091929307359,0.187953952800752
"simple","Fixed effects only","p.arundinacea.c.stock","P. arundinacea biomass",0.168335990123457,"E","Seedbank",0.768373993889365,0.519099197455838,1.16980527757226,0.732416705177125,0.981374131568972
"simple","Fixed effects only","p.arundinacea.c.stock","P. arundinacea biomass",0.168335990123457,"R","Reference",0.0889773539760333,0.0282369020771266,0.298806886809098,0.0645352950102433,0.170455310495023
"strip.random","Strip random effects","p.arundinacea.c.stock","P. arundinacea biomass",0.168335990123457,"A","Balled-and-burlapped",0.0811110692116762,0.0156449069030944,0.403132372059344,0.0410173651192081,0.154911785992287
"strip.random","Strip random effects","p.arundinacea.c.stock","P. arundinacea biomass",0.168335990123457,"B","Bareroot",0.110735709984443,0.0248871354975539,0.507215591079403,0.0576820878395131,0.198526414931667
"strip.random","Strip random effects","p.arundinacea.c.stock","P. arundinacea biomass",0.168335990123457,"C","Seedling",0.0621080580745637,0.0123160895641238,0.32006228418111,0.0300390591761199,0.114586802931838
"strip.random","Strip random effects","p.arundinacea.c.stock","P. arundinacea biomass",0.168335990123457,"D","Acorn",0.126460244934693,0.0268978690516644,0.590465972682281,0.0649011290755919,0.231635401859311
"strip.random","Strip random effects","p.arundinacea.c.stock","P. arundinacea biomass",0.168335990123457,"E","Seedbank",0.223877870163886,0.0512046551070155,1.01623377177757,0.120672002573232,0.410221423849818
"strip.random","Strip random effects","p.arundinacea.c.stock","P. arundinacea biomass",0.168335990123457,"R","Reference",0.110938001784654,0.0212818640807916,0.552153821275082,0.0568535711803068,0.215577844260165
"simple","Fixed effects only","h.japonicus.c.stock","H. japonicus biomass",0.193483548148148,"A","Balled-and-burlapped",0.134937793233458,0.0464744845694516,0.386119300417038,0.115371418012431,0.267051353808552
"simple","Fixed effects only","h.japonicus.c.stock","H. japonicus biomass",0.193483548148148,"B","Bareroot",0.137087954880432,0.0482085324580322,0.394728057612546,0.113110385659042,0.26092607390574
"simple","Fixed effects only","h.japonicus.c.stock","H. japonicus biomass",0.193483548148148,"C","Seedling",0.0876927930270671,0.0290115047413612,0.266573845992451,0.0668357968027819,0.166301872959117
"simple","Fixed effects only","h.japonicus.c.stock","H. japonicus biomass",0.193483548148148,"D","Acorn",0.134342239059493,0.0470126492109714,0.387132866929666,0.111826213083726,0.259750074771556
"simple","Fixed effects only","h.japonicus.c.stock","H. japonicus biomass",0.193483548148148,"E","Seedbank",0.525215320358584,0.329228697162775,0.848595972243049,0.494987693163545,0.697499331197408
"simple","Fixed effects only","h.japonicus.c.stock","H. japonicus biomass",0.193483548148148,"R","Reference",0.0863575737232902,0.0284569459105826,0.263657734128267,0.064387755315365,0.160084000658738
"strip.random","Strip random effects","h.japonicus.c.stock","H. japonicus biomass",0.193483548148148,"A","Balled-and-burlapped",0.13003026201897,0.0409309348804794,0.409445206188994,0.0927146106443882,0.231679310986228
"strip.random","Strip random effects","h.japonicus.c.stock","H. japonicus biomass",0.193483548148148,"B","Bareroot",0.137223445702172,0.0460033420270064,0.400986481041516,0.104145470614519,0.245605768204943
"strip.random","Strip random effects","h.japonicus.c.stock","H. japonicus biomass",0.193483548148148,"C","Seedling",0.0783701661416039,0.0238504046606002,0.253705277145536,0.0537527285926711,0.140495187719402
"strip.random","Strip random effects","h.japonicus.c.stock","H. japonicus biomass",0.193483548148148,"D","Acorn",0.128285970661274,0.0397874907544219,0.401408025507172,0.0911778044897849,0.229551928574551
"strip.random","Strip random effects","h.japonicus.c.stock","H. japonicus biomass",0.193483548148148,"E","Seedbank",0.419792091832456,0.17553887300217,0.922155370943099,0.378289040673779,0.689247147277525
"strip.random","Strip random effects","h.japonicus.c.stock","H. japonicus biomass",0.193483548148148,"R","Reference",0.0938789241746122,0.0254343578314655,0.345989811136396,0.0575746876185317,0.162711832420674
"simple","Fixed effects only","herbaceous.biomass.c.stock","Herbaceous biomass",0.635525780246914,"A","Balled-and-burlapped",0.337381781745714,0.129299309910297,0.885307786252404,0.281082179847808,0.60462295618603
"simple","Fixed effects only","herbaceous.biomass.c.stock","Herbaceous biomass",0.635525780246914,"B","Bareroot",0.439029796988083,0.182963991037683,1.07237439607458,0.387532446368293,0.765050972403572
"simple","Fixed effects only","herbaceous.biomass.c.stock","Herbaceous biomass",0.635525780246914,"C","Seedling",0.270436974283472,0.101326468301177,0.759526726272121,0.216404880666827,0.489054992910868
"simple","Fixed effects only","herbaceous.biomass.c.stock","Herbaceous biomass",0.635525780246914,"D","Acorn",0.379027134580811,0.148263349785357,0.963458874887381,0.323473003550812,0.673669987568068
"simple","Fixed effects only","herbaceous.biomass.c.stock","Herbaceous biomass",0.635525780246914,"E","Seedbank",1.49415005628935,1.05241504373459,2.14598663107438,1.398862276549,1.82543516456317
"simple","Fixed effects only","herbaceous.biomass.c.stock","Herbaceous biomass",0.635525780246914,"R","Reference",0.493236610987112,0.209798943965302,1.13740107544787,0.442171067917726,0.837070926446248
"strip.random","Strip random effects","herbaceous.biomass.c.stock","Herbaceous biomass",0.635525780246914,"A","Balled-and-burlapped",0.328229917313119,0.11647432560656,0.919838332967574,0.228400082647801,0.512751034367533
"strip.random","Strip random effects","herbaceous.biomass.c.stock","Herbaceous biomass",0.635525780246914,"B","Bareroot",0.453507295938383,0.193833621076327,1.05710424200664,0.353197164517109,0.681222113165472
"strip.random","Strip random effects","herbaceous.biomass.c.stock","Herbaceous biomass",0.635525780246914,"C","Seedling",0.212061817243644,0.0743468556916539,0.612317186510045,0.15373169732199,0.358112912203109
"strip.random","Strip random effects","herbaceous.biomass.c.stock","Herbaceous biomass",0.635525780246914,"D","Acorn",0.406635350032726,0.152097849280508,1.12226340649952,0.298726969801568,0.649341503967314
"strip.random","Strip random effects","herbaceous.biomass.c.stock","Herbaceous biomass",0.635525780246914,"E","Seedbank",1.23332740583967,0.591079429174284,2.53252077499452,1.01068398922885,1.74559221861746
"strip.random","Strip random effects","herbaceous.biomass.c.stock","Herbaceous biomass",0.635525780246914,"R","Reference",0.583095105521319,0.198774002742417,1.65538335663418,0.39658249959789,0.90759209226592
"simple","Fixed effects only","herbaceous.biomass.cn.ratio","Herbaceous biomass C:N ratio",15.0153453639481,"A","Balled-and-burlapped",10.8625531159872,7.14165013479399,16.6911276692964,10.0235091852049,13.8059044509135
"simple","Fixed effects only","herbaceous.biomass.cn.ratio","Herbaceous biomass C:N ratio",15.0153453639481,"B","Bareroot",13.7926409828289,9.80716950398677,19.4642341089405,12.8671236744488,16.6538689949835
"simple","Fixed effects only","herbaceous.biomass.cn.ratio","Herbaceous biomass C:N ratio",15.0153453639481,"C","Seedling",17.0619058420495,12.9865412735355,22.7064330639951,15.8842960075652,19.6263357346786
"simple","Fixed effects only","herbaceous.biomass.cn.ratio","Herbaceous biomass C:N ratio",15.0153453639481,"D","Acorn",15.7531333533215,11.7030914186169,21.3704975929363,14.6536286556139,18.4188108975374
"simple","Fixed effects only","herbaceous.biomass.cn.ratio","Herbaceous biomass C:N ratio",15.0153453639481,"E","Seedbank",14.1951756841362,10.2425538073397,19.951071279496,13.1809095958214,16.943634642971
"simple","Fixed effects only","herbaceous.biomass.cn.ratio","Herbaceous biomass C:N ratio",15.0153453639481,"R","Reference",13.3501269616484,9.48322345811894,19.1461351310179,12.2666586258575,15.9855615520688
"strip.random","Strip random effects","herbaceous.biomass.cn.ratio","Herbaceous biomass C:N ratio",15.0153453639481,"A","Balled-and-burlapped",11.1956240593606,7.10213968066957,17.7699869194495,9.6216453197599,13.6156210369833
"strip.random","Strip random effects","herbaceous.biomass.cn.ratio","Herbaceous biomass C:N ratio",15.0153453639481,"B","Bareroot",13.8349740592183,9.5241014852623,19.9519935100757,12.2782689371329,16.2762989339651
"strip.random","Strip random effects","herbaceous.biomass.cn.ratio","Herbaceous biomass C:N ratio",15.0153453639481,"C","Seedling",16.9137131046466,11.8934019390298,24.0097502295397,15.1838117271052,19.7687990516539
"strip.random","Strip random effects","herbaceous.biomass.cn.ratio","Herbaceous biomass C:N ratio",15.0153453639481,"D","Acorn",16.5947488771759,10.9470994385913,25.0825642826054,14.383073966816,19.5886117142907
"strip.random","Strip random effects","herbaceous.biomass.cn.ratio","Herbaceous biomass C:N ratio",15.0153453639481,"E","Seedbank",14.3939651059325,9.9466639504416,20.814616110613,12.7509441991334,16.8841909121959
"strip.random","Strip random effects","herbaceous.biomass.cn.ratio","Herbaceous biomass C:N ratio",15.0153453639481,"R","Reference",13.937637271109,8.17238481422135,24.1571784812119,11.4807043258607,17.142034297256
"simple","Fixed effects only","herbaceous.litter.cn.ratio","Herbaceous litter C:N ratio",17.7407447441704,"A","Balled-and-burlapped",16.3448429179972,15.2965817316917,17.4704986060339,15.9639959206618,16.8085947072253
"simple","Fixed effects only","herbaceous.litter.cn.ratio","Herbaceous litter C:N ratio",17.7407447441704,"B","Bareroot",17.9619331290753,16.896822473334,19.0731057820842,17.5692718055789,18.4091687352396
"simple","Fixed effects only","herbaceous.litter.cn.ratio","Herbaceous litter C:N ratio",17.7407447441704,"C","Seedling",17.9494756538556,16.8943109643722,19.0732399793792,17.57972236556,18.4263610858671
"simple","Fixed effects only","herbaceous.litter.cn.ratio","Herbaceous litter C:N ratio",17.7407447441704,"D","Acorn",16.8240524130336,15.7956234910797,17.9794255205141,16.4403424957158,17.2838615694667
"simple","Fixed effects only","herbaceous.litter.cn.ratio","Herbaceous litter C:N ratio",17.7407447441704,"E","Seedbank",17.0617543648025,16.0193367768892,18.1940132912098,16.6762646627552,17.5214074736179
"simple","Fixed effects only","herbaceous.litter.cn.ratio","Herbaceous litter C:N ratio",17.7407447441704,"R","Reference",20.0773156680888,19.0012299642619,21.1865030783539,19.687026719674,20.5309965575731
"strip.random","Strip random effects","herbaceous.litter.cn.ratio","Herbaceous litter C:N ratio",17.7407447441704,"A","Balled-and-burlapped",16.4489623462626,15.1320705466599,17.8588998722081,15.9412272343612,16.9682332502042
"strip.random","Strip random effects","herbaceous.litter.cn.ratio","Herbaceous litter C:N ratio",17.7407447441704,"B","Bareroot",17.9500755307866,16.7281426409633,19.2857434323483,17.5043888646475,18.477784559767
"strip.random","Strip random effects","herbaceous.litter.cn.ratio","Herbaceous litter C:N ratio",17.7407447441704,"C","Seedling",17.9386853818338,16.6975475517513,19.2697274162763,17.4923781475561,18.4688879654844
"strip.random","Strip random effects","herbaceous.litter.cn.ratio","Herbaceous litter C:N ratio",17.7407447441704,"D","Acorn",16.8560764691272,15.5313747485363,18.2654119102509,16.3899639207071,17.4168785788719
"strip.random","Strip random effects","herbaceous.litter.cn.ratio","Herbaceous litter C:N ratio",17.7407447441704,"E","Seedbank",17.0505621611381,15.8435941110815,18.3569895179421,16.6010239909292,17.5616975188308
"strip.random","Strip random effects","herbaceous.litter.cn.ratio","Herbaceous litter C:N ratio",17.7407447441704,"R","Reference",20.0774279222197,18.3691341119192,21.8875463096016,19.4501020678089,20.6820095214152
"simple","Fixed effects only","fine.woody.debris.cn.ratio","Fine woody debris C:N ratio",43.5695475662117,"A","Balled-and-burlapped",52.2549244976441,41.3820290214093,66.7354345346211,48.9177600219198,58.7066485178499
"simple","Fixed effects only","fine.woody.debris.cn.ratio","Fine woody debris C:N ratio",43.5695475662117,"B","Bareroot",53.5851813373562,42.7463410090431,68.1062363158408,50.330590883963,60.1430641340881
"simple","Fixed effects only","fine.woody.debris.cn.ratio","Fine woody debris C:N ratio",43.5695475662117,"C","Seedling",39.2689765196356,28.8856169554676,54.0406981973982,36.6073029581227,46.4189113179013
"simple","Fixed effects only","fine.woody.debris.cn.ratio","Fine woody debris C:N ratio",43.5695475662117,"D","Acorn",43.3653097703067,32.7936948290515,58.0693801993802,40.319285951921,50.0963553274558
"simple","Fixed effects only","fine.woody.debris.cn.ratio","Fine woody debris C:N ratio",43.5695475662117,"E","Seedbank",22.6495899584923,13.5942205556605,37.8279276511977,20.5980515379313,30.2359316781631
"simple","Fixed effects only","fine.woody.debris.cn.ratio","Fine woody debris C:N ratio",43.5695475662117,"R","Reference",38.7950332013331,28.3056011753363,53.4055224334438,36.1746496045043,45.988911285714
"strip.random","Strip random effects","fine.woody.debris.cn.ratio","Fine woody debris C:N ratio",43.5695475662117,"A","Balled-and-burlapped",50.3120920200488,34.6866985995976,72.1208657156335,45.690237433249,59.348572892162
"strip.random","Strip random effects","fine.woody.debris.cn.ratio","Fine woody debris C:N ratio",43.5695475662117,"B","Bareroot",52.8020863297209,38.3616306845686,72.7279188351761,48.3787256063635,61.032373397661
"strip.random","Strip random effects","fine.woody.debris.cn.ratio","Fine woody debris C:N ratio",43.5695475662117,"C","Seedling",38.861521882988,26.8062849729039,56.8228404754976,35.1589625574925,46.553749669875
"strip.random","Strip random effects","fine.woody.debris.cn.ratio","Fine woody debris C:N ratio",43.5695475662117,"D","Acorn",43.1341957649249,28.8967160014182,63.4530439026458,38.7017835323512,51.4328632105233
"strip.random","Strip random effects","fine.woody.debris.cn.ratio","Fine woody debris C:N ratio",43.5695475662117,"E","Seedbank",23.3005753290689,14.1949791993786,39.5879213556603,20.6474948355639,30.3851092751715
"strip.random","Strip random effects","fine.woody.debris.cn.ratio","Fine woody debris C:N ratio",43.5695475662117,"R","Reference",39.3352012243943,24.0104101878226,63.7825805172531,34.2447062771827,48.2216536600765
"simple","Fixed effects only","total.fwd.carbon","Fine woody debris (< 7.6 cm)",3.5851951921685,"A","Balled-and-burlapped",2.35554340605858,1.19411309849032,4.66805257035748,2.15107612206966,3.58536664840764
"simple","Fixed effects only","total.fwd.carbon","Fine woody debris (< 7.6 cm)",3.5851951921685,"B","Bareroot",7.12605824090254,5.51323453758428,9.32617360517514,6.66593669203689,8.13735854894341
"simple","Fixed effects only","total.fwd.carbon","Fine woody debris (< 7.6 cm)",3.5851951921685,"C","Seedling",4.49348326268548,2.9953854702015,6.82466989541798,4.16475059182497,5.64914944802639
"simple","Fixed effects only","total.fwd.carbon","Fine woody debris (< 7.6 cm)",3.5851951921685,"D","Acorn",1.11888943635079,0.444306696124158,2.86997420028509,0.885976516036566,1.87278461890216
"simple","Fixed effects only","total.fwd.carbon","Fine woody debris (< 7.6 cm)",3.5851951921685,"E","Seedbank",1.14256624911805,0.458528266218937,2.91394332085332,0.90884611086316,1.90688327838732
"simple","Fixed effects only","total.fwd.carbon","Fine woody debris (< 7.6 cm)",3.5851951921685,"R","Reference",4.54886956039928,3.04287214004425,6.83980247399548,4.19407369917455,5.67615603189158
"strip.random","Strip random effects","total.fwd.carbon","Fine woody debris (< 7.6 cm)",3.5851951921685,"A","Balled-and-burlapped",2.3269110000396,1.10110477190314,4.87686360421951,2.00174911655338,3.49975371676854
"strip.random","Strip random effects","total.fwd.carbon","Fine woody debris (< 7.6 cm)",3.5851951921685,"B","Bareroot",6.8174093216083,4.60106185467468,10.070479391581,6.22868599225517,8.22310658987454
"strip.random","Strip random effects","total.fwd.carbon","Fine woody debris (< 7.6 cm)",3.5851951921685,"C","Seedling",4.345721589595,2.65434341751032,7.19481157719381,3.93884853688382,5.67395815560676
"strip.random","Strip random effects","total.fwd.carbon","Fine woody debris (< 7.6 cm)",3.5851951921685,"D","Acorn",1.10792359764791,0.418647039809362,2.94680090708875,0.865187837612607,1.88602096507338
"strip.random","Strip random effects","total.fwd.carbon","Fine woody debris (< 7.6 cm)",3.5851951921685,"E","Seedbank",1.1034295107957,0.424646846498717,2.8526194762821,0.854636326353928,1.82988218966357
"strip.random","Strip random effects","total.fwd.carbon","Fine woody debris (< 7.6 cm)",3.5851951921685,"R","Reference",4.48809806289621,2.42887795088382,8.16729837710483,3.84014460309929,5.8842208074807
"simple","Fixed effects only","total.cwd.carbon","Coarse woody debris (>= 7.6 cm)",5.94194718916841,"A","Balled-and-burlapped",2.71224793317017,0.930204595251872,7.87776570087038,2.04151290781684,4.90914522182442
"simple","Fixed effects only","total.cwd.carbon","Coarse woody debris (>= 7.6 cm)",5.94194718916841,"B","Bareroot",9.24103938259511,4.79166064960738,17.803520310142,8.6688185895339,13.857471961119
"simple","Fixed effects only","total.cwd.carbon","Coarse woody debris (>= 7.6 cm)",5.94194718916841,"C","Seedling",4.57307962332206,1.75913465880906,11.8676230433923,4.06302238742566,8.49206470329809
"simple","Fixed effects only","total.cwd.carbon","Coarse woody debris (>= 7.6 cm)",5.94194718916841,"D","Acorn",3.05651444119577,1.0492256346486,8.61453710073923,2.38644277983921,5.56501508064781
"simple","Fixed effects only","total.cwd.carbon","Coarse woody debris (>= 7.6 cm)",5.94194718916841,"E","Seedbank",2.53581949219586,0.861431879778,7.47858712300134,1.90794369527672,4.605937920799
"simple","Fixed effects only","total.cwd.carbon","Coarse woody debris (>= 7.6 cm)",5.94194718916841,"R","Reference",10.3291474378786,5.75166653922304,19.0344102717512,9.65492849363503,14.8051726879647
"strip.random","Strip random effects","total.cwd.carbon","Coarse woody debris (>= 7.6 cm)",5.94194718916841,"A","Balled-and-burlapped",2.73401639933035,0.877463990766029,8.43859286112795,1.93518282218483,4.83091217351491
"strip.random","Strip random effects","total.cwd.carbon","Coarse woody debris (>= 7.6 cm)",5.94194718916841,"B","Bareroot",8.25235746265825,3.63582222451818,18.413931852866,7.4885272081063,13.542935961207
"strip.random","Strip random effects","total.cwd.carbon","Coarse woody debris (>= 7.6 cm)",5.94194718916841,"C","Seedling",4.3707925560985,1.56997876176816,12.0669563079045,3.64531636152738,8.13501907425004
"strip.random","Strip random effects","total.cwd.carbon","Coarse woody debris (>= 7.6 cm)",5.94194718916841,"D","Acorn",3.04786788915618,1.00372980939098,9.31333037668442,2.28624419328387,5.59935783115322
"strip.random","Strip random effects","total.cwd.carbon","Coarse woody debris (>= 7.6 cm)",5.94194718916841,"E","Seedbank",2.49750765364857,0.81129020890524,7.58116209429994,1.79832881926659,4.46619410134775
"strip.random","Strip random effects","total.cwd.carbon","Coarse woody debris (>= 7.6 cm)",5.94194718916841,"R","Reference",9.5054624576912,3.89181008433542,21.7347590693742,8.14475618064007,15.0774202582501
"simple","Fixed effects only","total.snag.carbon","Standing dead trees",9.28865280278267,"A","Balled-and-burlapped",3.72640594182878,1.61524929482094,8.66456648947154,3.2259116605024,6.22679580640938
"simple","Fixed effects only","total.snag.carbon","Standing dead trees",9.28865280278267,"B","Bareroot",16.9820229048896,13.0580206868367,22.2139404820591,15.9358240449777,19.505963252342
"simple","Fixed effects only","total.snag.carbon","Standing dead trees",9.28865280278267,"C","Seedling",6.99897755607583,3.86346768435228,12.5822568999503,6.39843331779232,9.92076753346439
"simple","Fixed effects only","total.snag.carbon","Standing dead trees",9.28865280278267,"D","Acorn",3.57553811939322,1.50927626003304,8.28689567713931,3.02845533508123,5.90083859075868
"simple","Fixed effects only","total.snag.carbon","Standing dead trees",9.28865280278267,"E","Seedbank",2.36726394761716,0.919439148558577,6.1763106183762,1.79899456774738,3.89610665972461
"simple","Fixed effects only","total.snag.carbon","Standing dead trees",9.28865280278267,"R","Reference",21.96399421787,17.9038778665823,27.0137629830274,20.6943705070095,24.2277561396071
"strip.random","Strip random effects","total.snag.carbon","Standing dead trees",9.28865280278267,"A","Balled-and-burlapped",3.74906933413464,1.48697102890825,9.218120849822,3.00625721796192,6.09070696687021
"strip.random","Strip random effects","total.snag.carbon","Standing dead trees",9.28865280278267,"B","Bareroot",16.1138618882738,10.440871027128,24.3965095958075,14.7437452721598,19.7432213594704
"strip.random","Strip random effects","total.snag.carbon","Standing dead trees",9.28865280278267,"C","Seedling",6.97097749620744,3.56322351692713,13.4327202021572,6.15223475184502,10.0373690368834
"strip.random","Strip random effects","total.snag.carbon","Standing dead trees",9.28865280278267,"D","Acorn",3.60249052609007,1.41378955111573,8.89362924360664,2.89901435731323,5.96261436018974
"strip.random","Strip random effects","total.snag.carbon","Standing dead trees",9.28865280278267,"E","Seedbank",2.34620598596395,0.856578938434401,6.26426877485809,1.77033890053362,3.92098016487258
"strip.random","Strip random effects","total.snag.carbon","Standing dead trees",9.28865280278267,"R","Reference",20.1820702437967,11.4332228970285,34.4655149015824,18.686067708563,25.8256819331062
"simple","Fixed effects only","snag.frax.live.carbon","Live F. pennsylvanica (>= 2.5 cm)",10.2745648170233,"A","Balled-and-burlapped",6.02029094376255,2.14042841964958,16.7568204701318,4.95145326014748,11.3012223182768
"simple","Fixed effects only","snag.frax.live.carbon","Live F. pennsylvanica (>= 2.5 cm)",10.2745648170233,"B","Bareroot",7.21579997674181,2.62473158072772,19.0683059672835,6.17086453250475,13.4037302648808
"simple","Fixed effects only","snag.frax.live.carbon","Live F. pennsylvanica (>= 2.5 cm)",10.2745648170233,"C","Seedling",4.39756399035338,1.51426586805842,13.1280093576455,3.32565246902525,8.0213248043598
"simple","Fixed effects only","snag.frax.live.carbon","Live F. pennsylvanica (>= 2.5 cm)",10.2745648170233,"D","Acorn",4.19772484013296,1.4392834403701,12.477187834598,3.14664528166013,7.59091030288758
"simple","Fixed effects only","snag.frax.live.carbon","Live F. pennsylvanica (>= 2.5 cm)",10.2745648170233,"E","Seedbank",4.19958983025768,1.4470873124055,12.4166164496562,3.16491367030042,7.65377855573484
"simple","Fixed effects only","snag.frax.live.carbon","Live F. pennsylvanica (>= 2.5 cm)",10.2745648170233,"R","Reference",41.6406181718727,32.1847641525272,54.5957312222992,39.3050717342144,48.0591207348073
"strip.random","Strip random effects","snag.frax.live.carbon","Live F. pennsylvanica (>= 2.5 cm)",10.2745648170233,"A","Balled-and-burlapped",5.99363773438624,1.77465587812662,18.7835839826028,4.35488494733015,11.1347370122812
"strip.random","Strip random effects","snag.frax.live.carbon","Live F. pennsylvanica (>= 2.5 cm)",10.2745648170233,"B","Bareroot",7.04919225062076,2.35915099708176,20.5597555497271,5.53093578279931,13.0225303192604
"strip.random","Strip random effects","snag.frax.live.carbon","Live F. pennsylvanica (>= 2.5 cm)",10.2745648170233,"C","Seedling",4.27227945341654,1.33269889820567,13.7668082317948,2.9922182817496,7.70306744077171
"strip.random","Strip random effects","snag.frax.live.carbon","Live F. pennsylvanica (>= 2.5 cm)",10.2745648170233,"D","Acorn",4.36905614330053,1.30266238636649,14.51984350371,3.00023769621567,7.88525272567661
"strip.random","Strip random effects","snag.frax.live.carbon","Live F. pennsylvanica (>= 2.5 cm)",10.2745648170233,"E","Seedbank",4.09564709011748,1.26580002229166,13.2364724278305,2.79637975687907,7.21080109318854
"strip.random","Strip random effects","snag.frax.live.carbon","Live F. pennsylvanica (>= 2.5 cm)",10.2745648170233,"R","Reference",28.2806323577332,9.58411375451148,71.6698801495207,27.4154914180358,51.696710932294
"simple","Fixed effects only","snag.frax.dead.carbon","Dead F. pennsylvanica (>= 2.5 cm)",3.76478022341572,"A","Balled-and-burlapped",2.17789839960361,0.772940427673758,6.11655356655445,1.77370383666387,4.07502101391265
"simple","Fixed effects only","snag.frax.dead.carbon","Dead F. pennsylvanica (>= 2.5 cm)",3.76478022341572,"B","Bareroot",2.60109849112071,0.972079738964636,7.10760040414725,2.24239739795978,4.90914424388176
"simple","Fixed effects only","snag.frax.dead.carbon","Dead F. pennsylvanica (>= 2.5 cm)",3.76478022341572,"C","Seedling",1.62439939933838,0.55653897971234,4.78739946210105,1.21005046234799,2.9158677896052
"simple","Fixed effects only","snag.frax.dead.carbon","Dead F. pennsylvanica (>= 2.5 cm)",3.76478022341572,"D","Acorn",1.53960129665331,0.519339710874122,4.6023080217213,1.13294636297765,2.76823150243512
"simple","Fixed effects only","snag.frax.dead.carbon","Dead F. pennsylvanica (>= 2.5 cm)",3.76478022341572,"E","Seedbank",1.54907069305442,0.526718936468165,4.59880542674135,1.17171329060744,2.83522268270066
"simple","Fixed effects only","snag.frax.dead.carbon","Dead F. pennsylvanica (>= 2.5 cm)",3.76478022341572,"R","Reference",15.425813736945,11.9111371594076,20.174632114973,14.6132332686089,17.8529995826305
"strip.random","Strip random effects","snag.frax.dead.carbon","Dead F. pennsylvanica (>= 2.5 cm)",3.76478022341572,"A","Balled-and-burlapped",2.1786608410044,0.664347053792574,6.89986339212008,1.59695431423474,4.05958467231626
"strip.random","Strip random effects","snag.frax.dead.carbon","Dead F. pennsylvanica (>= 2.5 cm)",3.76478022341572,"B","Bareroot",2.52989746917418,0.82610754441444,7.40474320306309,1.98217930130002,4.69343202078661
"strip.random","Strip random effects","snag.frax.dead.carbon","Dead F. pennsylvanica (>= 2.5 cm)",3.76478022341572,"C","Seedling",1.57206404302156,0.492650609896785,5.01152297796251,1.09231709489493,2.80603630133692
"strip.random","Strip random effects","snag.frax.dead.carbon","Dead F. pennsylvanica (>= 2.5 cm)",3.76478022341572,"D","Acorn",1.60074533703192,0.474215797790906,5.28671544502082,1.0942669089005,2.88356302819378
"strip.random","Strip random effects","snag.frax.dead.carbon","Dead F. pennsylvanica (>= 2.5 cm)",3.76478022341572,"E","Seedbank",1.51011973871994,0.463362458823738,4.84022849725584,1.03037803578558,2.65685693367196
"strip.random","Strip random effects","snag.frax.dead.carbon","Dead F. pennsylvanica (>= 2.5 cm)",3.76478022341572,"R","Reference",10.5230087435482,3.46169735745722,25.7735453968466,10.2727345682248,19.2398172586738
"simple","Fixed effects only","total.abg.wood.carbon","Aboveground woody biomass",80.2405982212329,"A","Balled-and-burlapped",104.685637417881,60.3604866029778,187.390355946534,97.0681435190441,146.771018400942
"simple","Fixed effects only","total.abg.wood.carbon","Aboveground woody biomass",80.2405982212329,"B","Bareroot",47.5386109835863,19.3157679133699,115.617145154159,41.4727683996122,83.2706139100423
"simple","Fixed effects only","total.abg.wood.carbon","Aboveground woody biomass",80.2405982212329,"C","Seedling",137.934996455995,89.8177618943383,217.398208470983,128.446641836587,177.736896755
"simple","Fixed effects only","total.abg.wood.carbon","Aboveground woody biomass",80.2405982212329,"D","Acorn",39.6490827566368,15.4390281539913,102.253354742714,33.4763757824311,71.293112892203
"simple","Fixed effects only","total.abg.wood.carbon","Aboveground woody biomass",80.2405982212329,"E","Seedbank",32.0119633510464,12.0265694376597,88.2459977196175,25.9797800534745,57.9970541267731
"simple","Fixed effects only","total.abg.wood.carbon","Aboveground woody biomass",80.2405982212329,"R","Reference",65.4288934086706,29.65957385983,140.79038631471,59.48434144238,105.791829052423
"strip.random","Strip random effects","total.abg.wood.carbon","Aboveground woody biomass",80.2405982212329,"A","Balled-and-burlapped",98.2867873868043,47.0261731788824,198.566766603362,86.4746811899096,146.091939285962
"strip.random","Strip random effects","total.abg.wood.carbon","Aboveground woody biomass",80.2405982212329,"B","Bareroot",45.8191746955276,17.9908096553828,118.880984240972,38.2204913006597,79.7744446086478
"strip.random","Strip random effects","total.abg.wood.carbon","Aboveground woody biomass",80.2405982212329,"C","Seedling",129.59036984515,71.791849356263,231.659809874246,117.617410826395,179.553957399357
"strip.random","Strip random effects","total.abg.wood.carbon","Aboveground woody biomass",80.2405982212329,"D","Acorn",39.1097676592173,14.1498366910227,107.686901473932,30.0758603315633,67.0926337701436
"strip.random","Strip random effects","total.abg.wood.carbon","Aboveground woody biomass",80.2405982212329,"E","Seedbank",30.9465333607723,11.1713902775658,88.0650306218774,23.7296822113805,54.4174075164187
"strip.random","Strip random effects","total.abg.wood.carbon","Aboveground woody biomass",80.2405982212329,"R","Reference",66.8646496361717,26.2202643012412,168.21561617358,54.2057921793107,108.661981916199
"simple","Fixed effects only","total.bg.wood.carbon","Belowground woody biomass",16.4758546235681,"A","Balled-and-burlapped",21.1095468943746,12.0074593408804,37.7831918001469,19.686064878481,29.8125514317478
"simple","Fixed effects only","total.bg.wood.carbon","Belowground woody biomass",16.4758546235681,"B","Bareroot",9.87618972047858,4.05358334003603,24.0265679347195,8.494621441702,16.8818117886014
"simple","Fixed effects only","total.bg.wood.carbon","Belowground woody biomass",16.4758546235681,"C","Seedling",28.4550164651072,18.5561025829411,44.4251577425848,26.5072868742169,36.623029641006
"simple","Fixed effects only","total.bg.wood.carbon","Belowground woody biomass",16.4758546235681,"D","Acorn",8.16461624975675,3.19818790512831,21.1398124957505,6.88015825594494,14.6152490091815
"simple","Fixed effects only","total.bg.wood.carbon","Belowground woody biomass",16.4758546235681,"E","Seedbank",6.59917157816422,2.48253650757148,18.0558211621849,5.2296511232579,11.6249394392225
"simple","Fixed effects only","total.bg.wood.carbon","Belowground woody biomass",16.4758546235681,"R","Reference",13.4937934259389,6.29015315594521,29.6063270195487,12.137820835635,21.5960590316857
"strip.random","Strip random effects","total.bg.wood.carbon","Belowground woody biomass",16.4758546235681,"A","Balled-and-burlapped",19.7948305580864,9.53396541492231,40.2921365807679,17.1885246798226,29.1725218454397
"strip.random","Strip random effects","total.bg.wood.carbon","Belowground woody biomass",16.4758546235681,"B","Bareroot",9.50913048824416,3.72311949490845,24.2727003687947,7.8507518714899,16.3165767027871
"strip.random","Strip random effects","total.bg.wood.carbon","Belowground woody biomass",16.4758546235681,"C","Seedling",26.6850639546031,15.0056917260883,48.10322616599,24.2222013225869,36.8987295311414
"strip.random","Strip random effects","total.bg.wood.carbon","Belowground woody biomass",16.4758546235681,"D","Acorn",8.048776321878,2.93544702440107,22.0120826176989,6.23685866804914,13.8437464785213
"strip.random","Strip random effects","total.bg.wood.carbon","Belowground woody biomass",16.4758546235681,"E","Seedbank",6.35334882443503,2.27664792540113,17.8812532140739,4.7435586706823,10.8686572987919
"strip.random","Strip random effects","total.bg.wood.carbon","Belowground woody biomass",16.4758546235681,"R","Reference",13.8060852007749,5.36426952711894,34.2225142460086,11.0053246023859,22.017359956434
"simple","Fixed effects only","total.live.carbon","Total live vegetation",97.3519786250479,"A","Balled-and-burlapped",126.469935097942,72.8292933294227,223.308801795358,118.15775607309,177.780110077668
"simple","Fixed effects only","total.live.carbon","Total live vegetation",97.3519786250479,"B","Bareroot",58.1109073306518,23.9365467558969,140.547181783373,49.6640275741362,98.933452307073
"simple","Fixed effects only","total.live.carbon","Total live vegetation",97.3519786250479,"C","Seedling",166.860804757735,108.819827488857,260.483450325427,156.523223743141,216.327644807162
"simple","Fixed effects only","total.live.carbon","Total live vegetation",97.3519786250479,"D","Acorn",48.1997574948447,19.1195075928294,125.250399274162,39.5158080219545,83.5784342293403
"simple","Fixed effects only","total.live.carbon","Total live vegetation",97.3519786250479,"E","Seedbank",39.2854091791039,14.8963300420489,108.126418453547,31.6577251598777,70.1812089917207
"simple","Fixed effects only","total.live.carbon","Total live vegetation",97.3519786250479,"R","Reference",79.9734062698472,37.4556022336794,173.253847293876,72.0097480696689,127.786717306217
"strip.random","Strip random effects","total.live.carbon","Total live vegetation",97.3519786250479,"A","Balled-and-burlapped",118.236325219519,57.0667918613899,240.052106751062,104.354648986429,176.69494167622
"strip.random","Strip random effects","total.live.carbon","Total live vegetation",97.3519786250479,"B","Bareroot",55.73868720565,21.8198192566574,141.630155126234,46.1342894687351,95.8173158424796
"strip.random","Strip random effects","total.live.carbon","Total live vegetation",97.3519786250479,"C","Seedling",156.54415460572,87.117687844504,279.811769985666,140.925816581839,214.986289840655
"strip.random","Strip random effects","total.live.carbon","Total live vegetation",97.3519786250479,"D","Acorn",47.4591179719691,17.1757495115601,130.255036649804,37.2291913041555,82.5436250769747
"strip.random","Strip random effects","total.live.carbon","Total live vegetation",97.3519786250479,"E","Seedbank",37.841931188017,13.6610208368449,107.050811157352,29.2219647078192,67.1654202746274
"strip.random","Strip random effects","total.live.carbon","Total live vegetation",97.3519786250479,"R","Reference",81.3369687773918,31.0602087172681,197.630537238646,65.4097474544448,130.186547777404
"simple","Fixed effects only","total.dead.carbon","Total dead vegetation",20.7748721693048,"A","Balled-and-burlapped",9.09243963587245,4.38854021356919,18.6584638980097,8.07998453992887,14.049231275536
"simple","Fixed effects only","total.dead.carbon","Total dead vegetation",20.7748721693048,"B","Bareroot",37.8843773269362,30.4511003871515,47.3430910954209,35.8258818631665,42.3984579736655
"simple","Fixed effects only","total.dead.carbon","Total dead vegetation",20.7748721693048,"C","Seedling",19.1588680054844,12.6222120049396,29.4815761143076,17.6045145714879,24.1409934937317
"simple","Fixed effects only","total.dead.carbon","Total dead vegetation",20.7748721693048,"D","Acorn",8.35309911562561,3.95647130675262,17.9299446524063,7.24834046498976,12.9937185600509
"simple","Fixed effects only","total.dead.carbon","Total dead vegetation",20.7748721693048,"E","Seedbank",6.07495645178695,2.57879001188918,14.4275947334836,4.98420148542591,9.88290912077881
"simple","Fixed effects only","total.dead.carbon","Total dead vegetation",20.7748721693048,"R","Reference",40.6576361261316,33.2928016526945,50.0366300773364,38.3543748237062,44.8588467755514
"strip.random","Strip random effects","total.dead.carbon","Total dead vegetation",20.7748721693048,"A","Balled-and-burlapped",9.07064788730613,4.20147821903489,19.8253302425872,7.61206167405659,13.823874172926
"strip.random","Strip random effects","total.dead.carbon","Total dead vegetation",20.7748721693048,"B","Bareroot",36.8190498025445,26.9747062686983,49.8927988297275,34.3250256070748,42.823013382329
"strip.random","Strip random effects","total.dead.carbon","Total dead vegetation",20.7748721693048,"C","Seedling",18.6540379863335,11.4267170885086,30.3024510649529,16.9218218885086,24.2714164997479
"strip.random","Strip random effects","total.dead.carbon","Total dead vegetation",20.7748721693048,"D","Acorn",8.36952249615094,3.74623973682007,18.779042618738,6.98928960555215,13.0249876987154
"strip.random","Strip random effects","total.dead.carbon","Total dead vegetation",20.7748721693048,"E","Seedbank",6.09537719483742,2.56170644971294,15.002549605879,4.88153899987814,9.82788537906776
"strip.random","Strip random effects","total.dead.carbon","Total dead vegetation",20.7748721693048,"R","Reference",39.4090816049002,26.8931093007356,58.1518758694143,36.1681259224132,46.4622541471736
"simple","Fixed effects only","total.vegetation.carbon","Total vegetation",118.126850794353,"A","Balled-and-burlapped",138.15686408448,82.10952249831,235.727418324106,128.564767259162,189.443302398606
"simple","Fixed effects only","total.vegetation.carbon","Total vegetation",118.126850794353,"B","Bareroot",88.3297614938661,42.8927393109621,182.754474894339,80.038047733298,137.408469940264
"simple","Fixed effects only","total.vegetation.carbon","Total vegetation",118.126850794353,"C","Seedling",189.961649889171,128.249325552005,283.773659942626,176.88191414828,237.555508246165
"simple","Fixed effects only","total.vegetation.carbon","Total vegetation",118.126850794353,"D","Acorn",55.6802124335261,22.3851958061031,134.476160012045,48.0720098072691,97.2301408031599
"simple","Fixed effects only","total.vegetation.carbon","Total vegetation",118.126850794353,"E","Seedbank",43.9894138372507,16.8847725561886,115.126144275928,35.6979978125744,76.8342971780634
"simple","Fixed effects only","total.vegetation.carbon","Total vegetation",118.126850794353,"R","Reference",119.50291482747,66.7748940971694,218.949168463899,111.003813018953,171.60931378124
"strip.random","Strip random effects","total.vegetation.carbon","Total vegetation",118.126850794353,"A","Balled-and-burlapped",131.807944743314,67.9947898213982,255.682639623787,114.373638087638,185.695218073723
"strip.random","Strip random effects","total.vegetation.carbon","Total vegetation",118.126850794353,"B","Bareroot",85.042252733239,38.9205666196652,187.726440903489,74.1802538177777,134.822581919257
"strip.random","Strip random effects","total.vegetation.carbon","Total vegetation",118.126850794353,"C","Seedling",180.672648896933,106.594182526535,304.566979980172,163.265180115667,238.60437913531
"strip.random","Strip random effects","total.vegetation.carbon","Total vegetation",118.126850794353,"D","Acorn",55.0221570830461,21.000152952829,142.208514029821,43.8250696362304,92.7443088339692
"strip.random","Strip random effects","total.vegetation.carbon","Total vegetation",118.126850794353,"E","Seedbank",42.7219585570557,15.9329361400371,116.63549014713,33.3077751131011,73.6924450335807
"strip.random","Strip random effects","total.vegetation.carbon","Total vegetation",118.126850794353,"R","Reference",120.445720116661,54.6072084093115,255.2225746886,100.362504747301,175.440840057748
"simple","Fixed effects only","total.ecosystem.carbon","Total ecosystem",228.608160270184,"A","Balled-and-burlapped",262.877501375314,197.338381980022,348.886743079983,245.296110873012,304.33847279626
"simple","Fixed effects only","total.ecosystem.carbon","Total ecosystem",228.608160270184,"B","Bareroot",199.387823967026,139.032416603646,291.413901545927,184.507533133703,243.941598906868
"simple","Fixed effects only","total.ecosystem.carbon","Total ecosystem",228.608160270184,"C","Seedling",308.053448688775,242.160946341477,394.878346879994,289.540022046115,348.930673296606
"simple","Fixed effects only","total.ecosystem.carbon","Total ecosystem",228.608160270184,"D","Acorn",140.207624826065,85.4275842738047,234.87420241928,127.335171689003,185.61004357341
"simple","Fixed effects only","total.ecosystem.carbon","Total ecosystem",228.608160270184,"E","Seedbank",130.391877383735,77.5970530975503,225.79263264249,118.115438477448,175.820949725319
"simple","Fixed effects only","total.ecosystem.carbon","Total ecosystem",228.608160270184,"R","Reference",252.723770902659,189.273963522586,344.06813552303,235.911475360246,295.637099220517
"strip.random","Strip random effects","total.ecosystem.carbon","Total ecosystem",228.608160270184,"A","Balled-and-burlapped",257.045594703393,177.435445035686,372.248178840098,235.704431100615,309.413789140636
"strip.random","Strip random effects","total.ecosystem.carbon","Total ecosystem",228.608160270184,"B","Bareroot",195.573414452919,128.904001514365,299.489058494803,177.88902022653,243.200273926192
"strip.random","Strip random effects","total.ecosystem.carbon","Total ecosystem",228.608160270184,"C","Seedling",302.712126621863,222.060886687701,412.779358791523,281.897931098993,354.107419807063
"strip.random","Strip random effects","total.ecosystem.carbon","Total ecosystem",228.608160270184,"D","Acorn",138.988007225699,80.4050125347938,242.776853919202,122.947087711606,185.740754360892
"strip.random","Strip random effects","total.ecosystem.carbon","Total ecosystem",228.608160270184,"E","Seedbank",127.914760480163,73.2494138467959,228.768757967274,114.759331315745,176.150363634916
"strip.random","Strip random effects","total.ecosystem.carbon","Total ecosystem",228.608160270184,"R","Reference",252.274940287078,162.178226617656,381.802029945417,224.752874941792,304.228036822243
